state_ansi,county_ansi,year,GDD,Value,county_name
26,1.0,1998,2179.0,63.0,ALCONA
26,1.0,2003,1945.0,81.0,ALCONA
26,1.0,2005,2358.75,147.0,ALCONA
26,1.0,2009,1633.75,95.0,ALCONA
26,1.0,2011,2014.0,83.3,ALCONA
26,1.0,2012,2163.75,85.8,ALCONA
26,1.0,2014,1676.5,109.3,ALCONA
26,1.0,2016,2162.0,116.7,ALCONA
26,1.0,2017,2007.5,133.3,ALCONA
26,1.0,2020,1978.75,132.7,ALCONA
26,5.0,1990,2396.5,120.6,ALLEGAN
26,5.0,1991,2744.9166666666665,123.5,ALLEGAN
26,5.0,1992,2159.5,109.5,ALLEGAN
26,5.0,1993,2387.75,113.5,ALLEGAN
26,5.0,1994,2359.1666666666665,115.0,ALLEGAN
26,5.0,1995,2589.5,108.0,ALLEGAN
26,5.0,1996,2326.6666666666665,64.0,ALLEGAN
26,5.0,1997,2255.1666666666665,112.0,ALLEGAN
26,5.0,1998,2718.4166666666665,110.0,ALLEGAN
26,5.0,1999,2550.5,120.0,ALLEGAN
26,5.0,2000,2335.9166666666665,119.0,ALLEGAN
26,5.0,2001,2358.333333333333,127.0,ALLEGAN
26,5.0,2002,2714.5,127.0,ALLEGAN
26,5.0,2003,2355.833333333333,122.0,ALLEGAN
26,5.0,2004,2290.1666666666665,150.0,ALLEGAN
26,5.0,2005,2802.0,146.0,ALLEGAN
26,5.0,2006,2525.4166666666665,145.0,ALLEGAN
26,5.0,2007,2774.1666666666665,110.0,ALLEGAN
26,5.0,2008,2535.4166666666665,147.0,ALLEGAN
26,5.0,2009,2359.25,165.0,ALLEGAN
26,5.0,2010,2943.083333333333,151.1,ALLEGAN
26,5.0,2011,2665.5,175.3,ALLEGAN
26,5.0,2012,2734.0,119.1,ALLEGAN
26,5.0,2013,2535.1666666666665,156.7,ALLEGAN
26,5.0,2015,2557.75,156.3,ALLEGAN
26,5.0,2016,2720.25,173.3,ALLEGAN
26,5.0,2017,2527.0,177.2,ALLEGAN
26,5.0,2018,2780.25,156.4,ALLEGAN
26,5.0,2019,2683.5,134.0,ALLEGAN
26,5.0,2020,2680.5,148.7,ALLEGAN
26,5.0,2021,2973.0,172.0,ALLEGAN
26,5.0,2022,2619.5,174.3,ALLEGAN
26,5.0,2023,2562.0,176.1,ALLEGAN
26,7.0,1990,1880.25,81.4,ALPENA
26,7.0,1991,2132.0,83.0,ALPENA
26,7.0,1992,1585.75,50.0,ALPENA
26,7.0,1993,1768.75,74.4,ALPENA
26,7.0,1994,2030.5,100.0,ALPENA
26,7.0,1995,2126.75,106.0,ALPENA
26,7.0,1996,1834.0,95.0,ALPENA
26,7.0,1997,1829.25,83.0,ALPENA
26,7.0,1998,2223.5833333333335,71.0,ALPENA
26,7.0,1999,2152.0,98.0,ALPENA
26,7.0,2000,1796.9166666666665,97.0,ALPENA
26,7.0,2001,2081.833333333333,48.0,ALPENA
26,7.0,2002,2206.1666666666665,109.0,ALPENA
26,7.0,2003,1958.1666666666665,110.0,ALPENA
26,7.0,2004,1865.4999999999998,92.0,ALPENA
26,7.0,2005,2330.0,119.0,ALPENA
26,7.0,2006,2120.1666666666665,130.0,ALPENA
26,7.0,2007,2279.75,82.0,ALPENA
26,7.0,2008,1977.0,109.0,ALPENA
26,7.0,2009,1731.25,107.0,ALPENA
26,7.0,2010,2272.0,126.7,ALPENA
26,7.0,2011,2185.0,112.3,ALPENA
26,7.0,2012,2290.75,106.9,ALPENA
26,7.0,2014,1887.5,114.1,ALPENA
26,7.0,2015,2303.25,128.2,ALPENA
26,7.0,2016,2517.25,88.9,ALPENA
26,7.0,2017,2330.0,104.3,ALPENA
26,7.0,2018,2337.25,107.1,ALPENA
26,7.0,2019,1945.25,131.0,ALPENA
26,7.0,2020,2205.5,122.0,ALPENA
26,7.0,2021,2464.0,163.6,ALPENA
26,7.0,2022,2182.25,134.8,ALPENA
26,7.0,2023,2176.5,160.4,ALPENA
26,11.0,1990,2045.0,125.0,ARENAC
26,11.0,1991,2317.0,122.7,ARENAC
26,11.0,1993,2027.5,105.6,ARENAC
26,11.0,1994,2147.5,116.0,ARENAC
26,11.0,1995,2263.0,133.0,ARENAC
26,11.0,1996,2025.5,99.0,ARENAC
26,11.0,1997,2009.0,121.0,ARENAC
26,11.0,1998,2374.5,93.0,ARENAC
26,11.0,1999,2344.0,130.0,ARENAC
26,11.0,2000,2052.0,129.0,ARENAC
26,11.0,2001,2247.0,71.0,ARENAC
26,11.0,2002,2319.0,127.0,ARENAC
26,11.0,2003,2019.0,129.0,ARENAC
26,11.0,2004,2049.5,110.0,ARENAC
26,11.0,2005,2457.5,148.0,ARENAC
26,11.0,2006,2184.5,129.0,ARENAC
26,11.0,2007,2305.0,115.0,ARENAC
26,11.0,2008,2120.5,165.0,ARENAC
26,11.0,2009,1905.0,145.0,ARENAC
26,11.0,2010,2446.5,151.5,ARENAC
26,11.0,2011,2230.0,160.6,ARENAC
26,11.0,2016,2507.5,146.7,ARENAC
26,11.0,2017,2321.5,156.7,ARENAC
26,11.0,2018,2448.5,157.3,ARENAC
26,11.0,2019,2160.0,133.3,ARENAC
26,11.0,2020,2406.5,137.9,ARENAC
26,11.0,2021,2535.5,187.8,ARENAC
26,11.0,2022,2266.5,155.7,ARENAC
26,11.0,2023,2106.5,158.5,ARENAC
26,15.0,1990,2317.5,120.3,BARRY
26,15.0,1991,2634.0,121.9,BARRY
26,15.0,1992,2062.0,106.1,BARRY
26,15.0,1993,2255.0,114.8,BARRY
26,15.0,1994,2425.0,122.0,BARRY
26,15.0,1995,2616.5,113.0,BARRY
26,15.0,1996,2391.0,72.0,BARRY
26,15.0,1997,2320.0,102.0,BARRY
26,15.0,1998,2706.5,121.0,BARRY
26,15.0,1999,2617.0,127.0,BARRY
26,15.0,2000,2359.5,125.0,BARRY
26,15.0,2001,2463.0,113.0,BARRY
26,15.0,2002,2736.5,114.0,BARRY
26,15.0,2003,2384.0,127.0,BARRY
26,15.0,2004,2326.0,151.0,BARRY
26,15.0,2005,2727.0,135.0,BARRY
26,15.0,2006,2443.5,148.0,BARRY
26,15.0,2007,2610.0,115.0,BARRY
26,15.0,2008,2332.5,131.0,BARRY
26,15.0,2009,2088.5,144.0,BARRY
26,15.0,2010,2670.5,145.4,BARRY
26,15.0,2011,2507.5,153.0,BARRY
26,15.0,2012,2603.0,121.0,BARRY
26,15.0,2013,2529.5,165.0,BARRY
26,15.0,2014,2314.0,151.6,BARRY
26,15.0,2015,2445.0,157.4,BARRY
26,15.0,2016,2664.5,150.0,BARRY
26,15.0,2017,2532.0,170.3,BARRY
26,15.0,2018,2737.5,148.3,BARRY
26,15.0,2019,2506.5,132.1,BARRY
26,15.0,2020,2558.5,153.0,BARRY
26,15.0,2021,2812.5,178.8,BARRY
26,15.0,2022,2531.5,171.9,BARRY
26,15.0,2023,2446.0,158.6,BARRY
26,17.0,1990,2401.0,134.1,BAY
26,17.0,1991,2648.0,135.4,BAY
26,17.0,1993,2291.0,115.9,BAY
26,17.0,1994,2343.0,121.0,BAY
26,17.0,1995,2700.0,140.0,BAY
26,17.0,1996,2349.5,116.0,BAY
26,17.0,1997,2343.0,134.0,BAY
26,17.0,1998,2748.5,115.0,BAY
26,17.0,1999,2588.5,157.0,BAY
26,17.0,2000,2303.5,137.0,BAY
26,17.0,2001,2529.5,84.0,BAY
26,17.0,2002,2583.0,132.0,BAY
26,17.0,2003,2264.5,131.0,BAY
26,17.0,2004,2167.5,132.0,BAY
26,17.0,2005,2640.75,148.0,BAY
26,17.0,2006,2384.1666666666665,138.0,BAY
26,17.0,2007,2604.583333333333,122.0,BAY
26,17.0,2008,2406.1666666666665,163.0,BAY
26,17.0,2009,2122.5833333333335,163.0,BAY
26,17.0,2010,2835.25,162.4,BAY
26,17.0,2011,2499.5,169.3,BAY
26,17.0,2012,2173.0,161.2,BAY
26,17.0,2013,2239.5,145.6,BAY
26,17.0,2014,1937.5,164.4,BAY
26,17.0,2016,2270.5,167.9,BAY
26,17.0,2017,1955.5,160.9,BAY
26,17.0,2018,1949.0,172.9,BAY
26,17.0,2019,1876.5,144.7,BAY
26,17.0,2020,1801.5,160.2,BAY
26,17.0,2021,1978.0,187.8,BAY
26,19.0,1990,1867.5,66.7,BENZIE
26,19.0,1991,2215.0,86.4,BENZIE
26,19.0,1992,1768.0,66.7,BENZIE
26,19.0,1993,1895.0,75.0,BENZIE
26,19.0,1994,1873.5,100.0,BENZIE
26,19.0,1995,2394.5,82.0,BENZIE
26,19.0,1998,2368.0,71.0,BENZIE
26,19.0,2002,2485.0,88.0,BENZIE
26,19.0,2003,2146.0,106.0,BENZIE
26,19.0,2004,2040.75,100.0,BENZIE
26,19.0,2005,2617.25,104.0,BENZIE
26,19.0,2006,2217.75,108.0,BENZIE
26,19.0,2007,2524.0,45.0,BENZIE
26,19.0,2008,2153.0,79.0,BENZIE
26,19.0,2010,2445.75,120.0,BENZIE
26,19.0,2011,2372.25,76.7,BENZIE
26,19.0,2013,2280.0,105.0,BENZIE
26,19.0,2014,1960.5,118.3,BENZIE
26,19.0,2015,2224.5,113.6,BENZIE
26,19.0,2016,2562.75,116.7,BENZIE
26,19.0,2017,2280.0,126.9,BENZIE
26,19.0,2019,2143.5,91.7,BENZIE
26,19.0,2020,2386.0,139.8,BENZIE
26,19.0,2021,2574.25,155.1,BENZIE
26,19.0,2023,2362.75,121.4,BENZIE
26,21.0,1990,2402.7916666666665,95.1,BERRIEN
26,21.0,1991,2880.375,102.3,BERRIEN
26,21.0,1992,2190.25,115.9,BERRIEN
26,21.0,1993,2459.5,100.0,BERRIEN
26,21.0,1994,2575.9583333333335,118.0,BERRIEN
26,21.0,1995,2845.75,103.0,BERRIEN
26,21.0,1996,2385.25,84.0,BERRIEN
26,21.0,1997,2343.4166666666665,117.0,BERRIEN
26,21.0,1998,2717.4166666666665,118.0,BERRIEN
26,21.0,1999,2719.1666666666665,119.0,BERRIEN
26,21.0,2000,2401.25,126.0,BERRIEN
26,21.0,2001,2458.833333333333,126.0,BERRIEN
26,21.0,2002,2846.6666666666665,115.0,BERRIEN
26,21.0,2003,2437.5,122.0,BERRIEN
26,21.0,2004,2410.9166666666665,143.0,BERRIEN
26,21.0,2005,2930.583333333333,123.0,BERRIEN
26,21.0,2006,2577.0,154.0,BERRIEN
26,21.0,2007,2946.6666666666665,137.0,BERRIEN
26,21.0,2008,2629.083333333333,148.0,BERRIEN
26,21.0,2009,2391.9166666666665,150.0,BERRIEN
26,21.0,2010,3000.0,158.1,BERRIEN
26,21.0,2011,2796.4583333333335,163.0,BERRIEN
26,21.0,2012,2884.2083333333335,143.3,BERRIEN
26,21.0,2013,2746.9166666666665,151.5,BERRIEN
26,21.0,2014,2272.333333333333,176.4,BERRIEN
26,21.0,2017,2682.6666666666665,176.1,BERRIEN
26,21.0,2018,2956.25,162.6,BERRIEN
26,21.0,2020,2873.583333333333,162.3,BERRIEN
26,21.0,2021,3186.6666666666665,170.9,BERRIEN
26,21.0,2022,2782.0,174.8,BERRIEN
26,23.0,1990,2449.0,122.0,BRANCH
26,23.0,1991,2802.5,111.3,BRANCH
26,23.0,1992,2136.0,118.3,BRANCH
26,23.0,1993,2369.5,116.1,BRANCH
26,23.0,1994,2492.0,125.0,BRANCH
26,23.0,1995,2000.5,113.0,BRANCH
26,23.0,1996,2398.0,89.0,BRANCH
26,23.0,1997,2335.0,124.0,BRANCH
26,23.0,1998,2721.0,116.0,BRANCH
26,23.0,1999,2572.5,123.0,BRANCH
26,23.0,2000,2168.0,126.0,BRANCH
26,23.0,2001,2098.0,134.0,BRANCH
26,23.0,2002,2645.0,114.0,BRANCH
26,23.0,2003,2217.5,138.0,BRANCH
26,23.0,2004,2346.0,134.0,BRANCH
26,23.0,2005,2781.0,141.0,BRANCH
26,23.0,2006,2437.5,150.0,BRANCH
26,23.0,2007,1632.5,114.0,BRANCH
26,23.0,2008,2449.0,122.0,BRANCH
26,23.0,2009,2153.5,135.0,BRANCH
26,23.0,2010,2796.5,143.9,BRANCH
26,23.0,2011,2592.0,156.4,BRANCH
26,23.0,2012,2642.5,112.8,BRANCH
26,23.0,2013,2594.5,164.1,BRANCH
26,23.0,2014,2353.5,167.2,BRANCH
26,23.0,2015,2517.5,172.2,BRANCH
26,23.0,2017,2659.0,155.0,BRANCH
26,23.0,2018,2848.5,151.6,BRANCH
26,23.0,2019,2561.0,157.9,BRANCH
26,23.0,2020,2563.5,159.9,BRANCH
26,23.0,2022,2574.5,172.8,BRANCH
26,23.0,2023,2498.0,168.9,BRANCH
26,25.0,1990,2393.0,119.4,CALHOUN
26,25.0,1991,2597.0,94.9,CALHOUN
26,25.0,1992,2070.5,106.3,CALHOUN
26,25.0,1993,2166.5,110.3,CALHOUN
26,25.0,1994,2518.0,114.0,CALHOUN
26,25.0,1995,2727.5,109.0,CALHOUN
26,25.0,1996,2479.5,79.0,CALHOUN
26,25.0,1997,2324.0,104.0,CALHOUN
26,25.0,1998,2760.25,118.0,CALHOUN
26,25.0,1999,2681.0,111.0,CALHOUN
26,25.0,2000,2393.75,114.0,CALHOUN
26,25.0,2001,2409.25,112.0,CALHOUN
26,25.0,2002,2824.75,107.0,CALHOUN
26,25.0,2003,2445.25,127.0,CALHOUN
26,25.0,2004,2373.25,139.0,CALHOUN
26,25.0,2005,2844.0,135.0,CALHOUN
26,25.0,2006,2644.0,140.0,CALHOUN
26,25.0,2007,2894.25,109.0,CALHOUN
26,25.0,2008,2544.75,109.0,CALHOUN
26,25.0,2009,2255.25,139.0,CALHOUN
26,25.0,2010,2846.5,148.3,CALHOUN
26,25.0,2011,2430.75,144.5,CALHOUN
26,25.0,2012,2648.3333333333335,87.1,CALHOUN
26,25.0,2013,2565.833333333333,155.8,CALHOUN
26,25.0,2014,2380.1666666666665,158.6,CALHOUN
26,25.0,2015,2526.1666666666665,144.4,CALHOUN
26,25.0,2016,2780.1666666666665,136.3,CALHOUN
26,25.0,2017,2624.5,129.6,CALHOUN
26,25.0,2018,2866.1666666666665,143.1,CALHOUN
26,25.0,2019,2770.75,134.9,CALHOUN
26,25.0,2020,2745.5,140.0,CALHOUN
26,25.0,2021,3076.75,159.2,CALHOUN
26,25.0,2022,2788.0,185.8,CALHOUN
26,25.0,2023,2658.25,148.3,CALHOUN
26,27.0,1990,2423.5,108.1,CASS
26,27.0,1991,2753.5,104.3,CASS
26,27.0,1992,2118.0,113.7,CASS
26,27.0,1993,2393.0,113.8,CASS
26,27.0,1994,2516.5,120.0,CASS
26,27.0,1995,2704.5,110.0,CASS
26,27.0,1996,2455.0,83.0,CASS
26,27.0,1997,2425.5,109.0,CASS
26,27.0,1998,2754.5,90.0,CASS
26,27.0,1999,2656.5,94.0,CASS
26,27.0,2000,2375.5,118.0,CASS
26,27.0,2001,2476.5,115.0,CASS
26,27.0,2002,2411.0,118.0,CASS
26,27.0,2003,2310.5,127.0,CASS
26,27.0,2004,2303.0,140.0,CASS
26,27.0,2005,2743.0,129.0,CASS
26,27.0,2006,2425.0,159.0,CASS
26,27.0,2007,2688.5,124.0,CASS
26,27.0,2008,2353.0,148.0,CASS
26,27.0,2009,2178.5,163.0,CASS
26,27.0,2010,2758.0,167.3,CASS
26,27.0,2011,2532.0,168.0,CASS
26,27.0,2012,2627.0,138.4,CASS
26,27.0,2013,2551.5,160.8,CASS
26,27.0,2014,2353.0,172.0,CASS
26,27.0,2015,2495.5,159.3,CASS
26,27.0,2016,2851.5,154.4,CASS
26,27.0,2017,2569.5,158.3,CASS
26,27.0,2018,2800.0,144.7,CASS
26,27.0,2019,2504.0,143.3,CASS
26,27.0,2020,2698.5,147.5,CASS
26,27.0,2021,2939.0,167.0,CASS
26,27.0,2022,2544.0,162.6,CASS
26,27.0,2023,2419.0,156.3,CASS
26,29.0,1990,1952.1666666666665,75.0,CHARLEVOIX
26,29.0,1991,2287.583333333333,89.6,CHARLEVOIX
26,29.0,1992,1739.4166666666665,58.7,CHARLEVOIX
26,29.0,1993,1849.1666666666667,70.8,CHARLEVOIX
26,29.0,1994,2065.25,107.0,CHARLEVOIX
26,29.0,1995,2312.5833333333335,83.0,CHARLEVOIX
26,29.0,1996,2016.7499999999998,90.0,CHARLEVOIX
26,29.0,1997,2011.7916666666665,70.0,CHARLEVOIX
26,29.0,1998,2330.4166666666665,93.0,CHARLEVOIX
26,29.0,1999,2225.375,111.0,CHARLEVOIX
26,29.0,2002,2452.7083333333335,106.0,CHARLEVOIX
26,29.0,2003,2172.875,108.0,CHARLEVOIX
26,29.0,2004,2037.875,108.0,CHARLEVOIX
26,29.0,2005,2589.875,92.0,CHARLEVOIX
26,29.0,2006,2271.0,110.0,CHARLEVOIX
26,29.0,2007,2504.125,81.0,CHARLEVOIX
26,29.0,2008,2070.825,79.0,CHARLEVOIX
26,29.0,2009,1809.025,131.0,CHARLEVOIX
26,29.0,2010,2406.3,114.2,CHARLEVOIX
26,29.0,2011,2339.9,105.8,CHARLEVOIX
26,29.0,2012,2398.5,110.0,CHARLEVOIX
26,29.0,2013,2204.075,132.7,CHARLEVOIX
26,29.0,2014,1956.075,115.2,CHARLEVOIX
26,29.0,2015,2212.225,97.6,CHARLEVOIX
26,29.0,2016,2483.5,96.8,CHARLEVOIX
26,29.0,2017,2223.8333333333335,114.0,CHARLEVOIX
26,29.0,2020,2240.9,122.6,CHARLEVOIX
26,29.0,2021,2464.25,149.0,CHARLEVOIX
26,29.0,2022,2181.775,112.2,CHARLEVOIX
26,29.0,2023,2144.925,119.2,CHARLEVOIX
26,31.0,1990,1994.25,60.0,CHEBOYGAN
26,31.0,1991,2266.75,82.0,CHEBOYGAN
26,31.0,1992,1739.5,60.0,CHEBOYGAN
26,31.0,1993,1914.25,74.4,CHEBOYGAN
26,31.0,1994,2065.75,100.0,CHEBOYGAN
26,31.0,1995,2241.25,111.0,CHEBOYGAN
26,31.0,1996,2009.5,75.0,CHEBOYGAN
26,31.0,1998,2347.0,69.0,CHEBOYGAN
26,31.0,2011,2175.25,110.0,CHEBOYGAN
26,31.0,2014,1861.0,138.5,CHEBOYGAN
26,31.0,2015,2104.5,109.1,CHEBOYGAN
26,37.0,1990,2356.5,119.6,CLINTON
26,37.0,1991,2643.25,117.6,CLINTON
26,37.0,1992,2064.75,108.5,CLINTON
26,37.0,1993,2261.5,101.8,CLINTON
26,37.0,1994,2419.0,110.0,CLINTON
26,37.0,1995,2604.0,111.0,CLINTON
26,37.0,1996,2353.5,108.0,CLINTON
26,37.0,1997,2236.25,124.0,CLINTON
26,37.0,1998,2694.5,100.0,CLINTON
26,37.0,1999,2547.25,130.0,CLINTON
26,37.0,2000,2265.75,128.0,CLINTON
26,37.0,2001,2384.25,106.0,CLINTON
26,37.0,2002,2687.5,114.0,CLINTON
26,37.0,2003,2312.75,124.0,CLINTON
26,37.0,2004,2314.25,144.0,CLINTON
26,37.0,2005,2854.5,139.0,CLINTON
26,37.0,2006,2467.75,149.0,CLINTON
26,37.0,2007,2715.5,124.0,CLINTON
26,37.0,2008,2472.25,142.0,CLINTON
26,37.0,2009,2208.5,148.0,CLINTON
26,37.0,2010,2948.25,136.8,CLINTON
26,37.0,2011,2748.5,151.9,CLINTON
26,37.0,2012,2794.75,149.0,CLINTON
26,37.0,2013,2612.25,140.2,CLINTON
26,37.0,2014,2354.75,163.4,CLINTON
26,37.0,2015,2555.75,171.7,CLINTON
26,37.0,2016,2861.25,164.7,CLINTON
26,37.0,2017,2783.0,146.6,CLINTON
26,37.0,2020,2719.5,146.0,CLINTON
26,37.0,2021,3059.0,171.7,CLINTON
26,37.0,2022,2829.5,161.6,CLINTON
26,41.0,1990,1681.0833333333333,78.8,DELTA
26,41.0,1991,2038.9166666666665,72.9,DELTA
26,41.0,1993,1689.3333333333333,42.5,DELTA
26,41.0,1994,1830.1666666666665,81.0,DELTA
26,41.0,1995,2123.5,81.0,DELTA
26,41.0,1996,1782.75,67.0,DELTA
26,41.0,1997,1660.0,83.0,DELTA
26,41.0,1998,2105.5,55.0,DELTA
26,41.0,1999,2003.25,111.0,DELTA
26,41.0,2002,2035.5,100.0,DELTA
26,41.0,2003,1986.5,61.0,DELTA
26,41.0,2004,1767.75,59.0,DELTA
26,41.0,2005,2215.5,92.0,DELTA
26,41.0,2006,1979.5,129.0,DELTA
26,41.0,2007,2089.25,89.0,DELTA
26,41.0,2008,1867.25,64.0,DELTA
26,41.0,2009,1756.0,84.0,DELTA
26,41.0,2010,2184.0,132.6,DELTA
26,41.0,2011,2089.4166666666665,76.3,DELTA
26,41.0,2015,1921.0,130.0,DELTA
26,41.0,2016,2146.5,128.6,DELTA
26,41.0,2019,1806.6666666666665,116.7,DELTA
26,41.0,2020,1946.5833333333333,147.9,DELTA
26,41.0,2021,2177.0,138.1,DELTA
26,41.0,2022,1928.0833333333333,89.7,DELTA
26,43.0,1990,1923.5,75.0,DICKINSON
26,43.0,1991,2274.0,85.7,DICKINSON
26,43.0,1992,1589.5,50.0,DICKINSON
26,43.0,1993,1816.0,59.5,DICKINSON
26,43.0,1994,2093.0,83.0,DICKINSON
26,43.0,1995,2292.5,111.0,DICKINSON
26,43.0,1996,1998.5,88.0,DICKINSON
26,43.0,1998,2234.75,87.0,DICKINSON
26,43.0,2011,2210.75,80.0,DICKINSON
26,43.0,2016,2299.75,113.3,DICKINSON
26,43.0,2020,2195.0,151.3,DICKINSON
26,43.0,2021,2418.25,149.6,DICKINSON
26,43.0,2022,2156.25,108.9,DICKINSON
26,43.0,2023,2134.0,146.3,DICKINSON
26,45.0,1990,2189.0,116.9,EATON
26,45.0,1991,2573.0,119.8,EATON
26,45.0,1992,1930.0,107.9,EATON
26,45.0,1993,2114.5,116.7,EATON
26,45.0,1994,2294.0,129.0,EATON
26,45.0,1995,2520.5,116.0,EATON
26,45.0,1996,2284.0,100.0,EATON
26,45.0,1997,2165.0,120.0,EATON
26,45.0,1998,2584.5,127.0,EATON
26,45.0,1999,1784.0,138.0,EATON
26,45.0,2000,2243.5,134.0,EATON
26,45.0,2001,2326.5,123.0,EATON
26,45.0,2002,2649.0,122.0,EATON
26,45.0,2003,2252.0,150.0,EATON
26,45.0,2004,2185.0,153.0,EATON
26,45.0,2006,2436.5,144.0,EATON
26,45.0,2007,2602.5,118.0,EATON
26,45.0,2008,2314.0,129.0,EATON
26,45.0,2009,2077.0,152.0,EATON
26,45.0,2010,2651.0,160.7,EATON
26,45.0,2011,2599.1666666666665,147.5,EATON
26,45.0,2012,2643.833333333333,124.2,EATON
26,45.0,2013,2556.75,170.8,EATON
26,45.0,2014,2294.25,176.5,EATON
26,45.0,2015,2435.25,163.2,EATON
26,45.0,2017,2551.75,166.7,EATON
26,45.0,2018,2760.5,148.5,EATON
26,45.0,2019,2590.25,139.0,EATON
26,45.0,2020,2571.5,147.3,EATON
26,45.0,2021,2816.5,172.2,EATON
26,45.0,2022,2261.0,181.1,EATON
26,45.0,2023,2468.5,164.7,EATON
26,47.0,1990,1846.3333333333333,65.9,EMMET
26,47.0,1991,2169.333333333333,83.3,EMMET
26,47.0,1992,1590.8333333333333,55.0,EMMET
26,47.0,1993,1722.8333333333333,71.4,EMMET
26,47.0,1994,1933.5,105.0,EMMET
26,47.0,1995,2168.1666666666665,105.0,EMMET
26,47.0,1996,1827.0,69.0,EMMET
26,47.0,1997,1787.8333333333333,69.0,EMMET
26,47.0,1998,2111.333333333333,89.0,EMMET
26,47.0,1999,2036.6666666666665,111.0,EMMET
26,47.0,2001,1893.9999999999998,84.0,EMMET
26,47.0,2002,2098.9583333333335,100.0,EMMET
26,47.0,2003,1896.25,95.0,EMMET
26,47.0,2004,1691.875,80.0,EMMET
26,47.0,2005,2308.625,95.0,EMMET
26,47.0,2006,1982.9166666666667,111.0,EMMET
26,47.0,2007,2144.0,75.0,EMMET
26,47.0,2008,1822.25,89.0,EMMET
26,47.0,2009,1565.725,84.0,EMMET
26,47.0,2012,2127.2,116.5,EMMET
26,47.0,2014,1743.9166666666665,132.9,EMMET
26,47.0,2019,1838.625,100.0,EMMET
26,47.0,2020,2033.625,120.6,EMMET
26,47.0,2021,2235.5,135.8,EMMET
26,47.0,2022,1955.9166666666667,106.0,EMMET
26,47.0,2023,1968.2083333333333,123.1,EMMET
26,49.0,1990,2384.5,109.9,GENESEE
26,49.0,1991,2674.5,101.2,GENESEE
26,49.0,1992,2120.0,92.9,GENESEE
26,49.0,1993,2293.0,102.9,GENESEE
26,49.0,1994,2393.0,97.0,GENESEE
26,49.0,1995,2617.5,106.0,GENESEE
26,49.0,1996,2388.5,81.0,GENESEE
26,49.0,1997,2202.0,106.0,GENESEE
26,49.0,1998,2647.5,93.0,GENESEE
26,49.0,1999,2483.0,132.0,GENESEE
26,49.0,2000,2273.0,112.0,GENESEE
26,49.0,2001,2416.5,73.0,GENESEE
26,49.0,2002,2675.25,89.0,GENESEE
26,49.0,2003,2300.75,114.0,GENESEE
26,49.0,2004,2337.25,109.0,GENESEE
26,49.0,2005,2737.891666666667,137.0,GENESEE
26,49.0,2006,2408.15,121.0,GENESEE
26,49.0,2007,2644.4249999999997,120.0,GENESEE
26,49.0,2008,2413.2083333333335,138.0,GENESEE
26,49.0,2009,2118.458333333333,125.0,GENESEE
26,49.0,2010,2733.175,130.4,GENESEE
26,49.0,2011,2576.6416666666664,134.4,GENESEE
26,49.0,2012,2593.325,134.5,GENESEE
26,49.0,2013,2567.375,141.3,GENESEE
26,49.0,2014,2325.241666666667,142.5,GENESEE
26,49.0,2015,2500.75,165.5,GENESEE
26,49.0,2017,2513.2,148.9,GENESEE
26,49.0,2018,2699.425,143.6,GENESEE
26,49.0,2019,2519.05,138.7,GENESEE
26,49.0,2020,2558.625,157.4,GENESEE
26,49.0,2021,2803.175,160.0,GENESEE
26,49.0,2022,2590.8,146.7,GENESEE
26,49.0,2023,2344.875,157.3,GENESEE
26,51.0,1990,2274.5,87.5,GLADWIN
26,51.0,1991,2497.5,89.2,GLADWIN
26,51.0,1992,1969.0,84.5,GLADWIN
26,51.0,1993,2142.0,97.2,GLADWIN
26,51.0,1994,2278.5,121.0,GLADWIN
26,51.0,1995,2471.5,114.0,GLADWIN
26,51.0,1996,2191.0,104.0,GLADWIN
26,51.0,1997,2069.0,104.0,GLADWIN
26,51.0,1998,2435.5,59.0,GLADWIN
26,51.0,1999,2355.0,115.0,GLADWIN
26,51.0,2001,2248.0,98.0,GLADWIN
26,51.0,2002,2422.0,118.0,GLADWIN
26,51.0,2003,2157.0,115.0,GLADWIN
26,51.0,2004,2140.5,113.0,GLADWIN
26,51.0,2005,2531.5,162.0,GLADWIN
26,51.0,2006,2279.5,134.0,GLADWIN
26,51.0,2008,2254.0,138.0,GLADWIN
26,51.0,2009,1969.0,119.0,GLADWIN
26,51.0,2010,2527.5,152.2,GLADWIN
26,51.0,2011,2373.5,156.5,GLADWIN
26,51.0,2012,2395.0,150.8,GLADWIN
26,51.0,2013,2287.5,123.2,GLADWIN
26,51.0,2014,2130.5,158.0,GLADWIN
26,51.0,2015,2547.0,151.4,GLADWIN
26,51.0,2016,2588.5,145.6,GLADWIN
26,51.0,2017,2495.0,150.0,GLADWIN
26,51.0,2018,2505.5,155.2,GLADWIN
26,51.0,2020,2436.5,136.3,GLADWIN
26,51.0,2022,2369.0,147.5,GLADWIN
26,51.0,2023,2278.0,152.6,GLADWIN
26,55.0,1990,1983.25,70.9,GRAND TRAVERSE
26,55.0,1991,2394.75,94.1,GRAND TRAVERSE
26,55.0,1992,1736.75,67.9,GRAND TRAVERSE
26,55.0,1993,1968.75,83.8,GRAND TRAVERSE
26,55.0,1994,2122.0,111.0,GRAND TRAVERSE
26,55.0,1995,2393.5,100.0,GRAND TRAVERSE
26,55.0,1996,2072.25,90.0,GRAND TRAVERSE
26,55.0,1997,2046.5,82.0,GRAND TRAVERSE
26,55.0,1998,2305.5,77.0,GRAND TRAVERSE
26,55.0,1999,2305.583333333333,120.0,GRAND TRAVERSE
26,55.0,2000,2079.5,86.0,GRAND TRAVERSE
26,55.0,2001,2147.0,46.0,GRAND TRAVERSE
26,55.0,2002,2433.25,98.0,GRAND TRAVERSE
26,55.0,2003,2182.1083333333336,109.0,GRAND TRAVERSE
26,55.0,2004,2126.8083333333334,81.0,GRAND TRAVERSE
26,55.0,2005,2640.133333333333,100.0,GRAND TRAVERSE
26,55.0,2006,2277.3,98.0,GRAND TRAVERSE
26,55.0,2007,2569.05,44.0,GRAND TRAVERSE
26,55.0,2008,2210.6583333333333,77.0,GRAND TRAVERSE
26,55.0,2009,1902.375,100.0,GRAND TRAVERSE
26,55.0,2010,2501.7,115.1,GRAND TRAVERSE
26,55.0,2011,2437.0416666666665,102.2,GRAND TRAVERSE
26,55.0,2012,2462.9583333333335,69.5,GRAND TRAVERSE
26,55.0,2013,2199.2916666666665,89.9,GRAND TRAVERSE
26,55.0,2014,2003.0833333333333,86.7,GRAND TRAVERSE
26,55.0,2015,2217.9166666666665,123.7,GRAND TRAVERSE
26,55.0,2016,2481.4166666666665,83.0,GRAND TRAVERSE
26,55.0,2017,2246.2916666666665,125.5,GRAND TRAVERSE
26,55.0,2019,2116.125,145.0,GRAND TRAVERSE
26,55.0,2020,2330.9166666666665,113.2,GRAND TRAVERSE
26,55.0,2021,2546.083333333333,156.8,GRAND TRAVERSE
26,55.0,2022,2246.5,112.5,GRAND TRAVERSE
26,55.0,2023,2192.0,126.9,GRAND TRAVERSE
26,57.0,1990,2285.5,131.3,GRATIOT
26,57.0,1991,2544.0,132.5,GRATIOT
26,57.0,1992,1999.5,114.1,GRATIOT
26,57.0,1993,2145.0,120.3,GRATIOT
26,57.0,1994,2298.0,129.0,GRATIOT
26,57.0,1995,2468.5,129.0,GRATIOT
26,57.0,1996,2315.0,112.0,GRATIOT
26,57.0,1997,2230.5,129.0,GRATIOT
26,57.0,1998,2572.5,83.0,GRATIOT
26,57.0,1999,2624.5,151.0,GRATIOT
26,57.0,2000,2289.5,127.0,GRATIOT
26,57.0,2001,2330.5,111.0,GRATIOT
26,57.0,2002,2654.5,129.0,GRATIOT
26,57.0,2003,2368.0,123.0,GRATIOT
26,57.0,2004,2293.0,125.0,GRATIOT
26,57.0,2005,2645.5,145.0,GRATIOT
26,57.0,2006,2373.5,141.0,GRATIOT
26,57.0,2007,2707.5,125.0,GRATIOT
26,57.0,2008,2387.5,138.0,GRATIOT
26,57.0,2009,2106.5,158.0,GRATIOT
26,57.0,2010,2699.5,143.7,GRATIOT
26,57.0,2011,2508.0,155.5,GRATIOT
26,57.0,2012,2489.0,171.8,GRATIOT
26,57.0,2013,2465.5,146.9,GRATIOT
26,57.0,2014,2171.5,153.5,GRATIOT
26,57.0,2015,2354.0,170.8,GRATIOT
26,57.0,2016,2726.0,160.1,GRATIOT
26,57.0,2017,2402.5,157.7,GRATIOT
26,57.0,2022,2438.5,170.9,GRATIOT
26,59.0,1990,2270.5,116.2,HILLSDALE
26,59.0,1991,2674.0,89.9,HILLSDALE
26,59.0,1992,2024.5,109.3,HILLSDALE
26,59.0,1993,2200.5,111.3,HILLSDALE
26,59.0,1994,2394.5,109.0,HILLSDALE
26,59.0,1995,2617.5,104.0,HILLSDALE
26,59.0,1996,2341.0,69.0,HILLSDALE
26,59.0,1997,2250.5,117.0,HILLSDALE
26,59.0,1998,2654.0,130.0,HILLSDALE
26,59.0,1999,1849.5,115.0,HILLSDALE
26,59.0,2000,2266.5,113.0,HILLSDALE
26,59.0,2001,1689.0,104.0,HILLSDALE
26,59.0,2002,2681.0,99.0,HILLSDALE
26,59.0,2003,1754.5,135.0,HILLSDALE
26,59.0,2005,2081.5,151.0,HILLSDALE
26,59.0,2007,2049.5,113.0,HILLSDALE
26,59.0,2008,2251.0,124.0,HILLSDALE
26,59.0,2009,2204.0,136.0,HILLSDALE
26,59.0,2010,2808.5,139.7,HILLSDALE
26,59.0,2011,2582.5,139.4,HILLSDALE
26,59.0,2012,2582.5,112.5,HILLSDALE
26,59.0,2013,2597.5,168.7,HILLSDALE
26,59.0,2014,2350.5,155.0,HILLSDALE
26,59.0,2015,2484.0,155.9,HILLSDALE
26,59.0,2016,2778.5,162.9,HILLSDALE
26,59.0,2017,2570.0,154.8,HILLSDALE
26,59.0,2018,2759.0,153.4,HILLSDALE
26,59.0,2019,2646.0,161.0,HILLSDALE
26,59.0,2020,2634.5,156.4,HILLSDALE
26,59.0,2021,2901.5,179.1,HILLSDALE
26,59.0,2022,2603.0,186.5,HILLSDALE
26,59.0,2023,2515.0,160.7,HILLSDALE
26,63.0,1990,1978.0,127.3,HURON
26,63.0,1991,2379.25,123.8,HURON
26,63.0,1992,1662.5,98.3,HURON
26,63.0,1993,1962.5,120.4,HURON
26,63.0,1994,2030.75,127.0,HURON
26,63.0,1995,2314.25,128.0,HURON
26,63.0,1996,1941.25,126.0,HURON
26,63.0,1997,1936.5166666666667,131.0,HURON
26,63.0,1998,2383.2999999999997,126.0,HURON
26,63.0,1999,2348.5,154.0,HURON
26,63.0,2000,1957.0916666666667,132.0,HURON
26,63.0,2001,2103.0416666666665,86.0,HURON
26,63.0,2002,2404.4666666666667,144.0,HURON
26,63.0,2003,2000.5547619047618,124.0,HURON
26,63.0,2004,2037.8363095238096,139.0,HURON
26,63.0,2005,2540.7464285714286,160.0,HURON
26,63.0,2006,2186.393452380952,167.0,HURON
26,63.0,2007,2434.945238095238,147.0,HURON
26,63.0,2008,2142.6309523809523,174.0,HURON
26,63.0,2009,1868.104761904762,168.0,HURON
26,63.0,2010,2427.3238095238094,171.4,HURON
26,63.0,2011,2320.309523809524,175.6,HURON
26,63.0,2012,2408.5416666666665,144.6,HURON
26,63.0,2013,2167.258333333333,172.4,HURON
26,63.0,2014,1942.2416666666666,172.3,HURON
26,63.0,2015,2198.475,198.8,HURON
26,63.0,2016,2515.133333333333,170.7,HURON
26,63.0,2017,2299.4833333333336,197.9,HURON
26,63.0,2018,2422.25,177.0,HURON
26,63.0,2019,2147.633333333333,172.9,HURON
26,63.0,2020,2421.25,185.6,HURON
26,63.0,2022,2388.1583333333333,164.2,HURON
26,63.0,2023,2222.225,193.3,HURON
26,65.0,1990,2359.5,120.5,INGHAM
26,65.0,1991,2657.0,116.9,INGHAM
26,65.0,1992,2025.0,100.0,INGHAM
26,65.0,1993,2262.0,109.8,INGHAM
26,65.0,1994,2367.0,107.0,INGHAM
26,65.0,1995,2538.25,108.0,INGHAM
26,65.0,1996,2315.25,93.0,INGHAM
26,65.0,1997,2193.75,114.0,INGHAM
26,65.0,1998,2611.25,126.0,INGHAM
26,65.0,1999,2533.5,141.0,INGHAM
26,65.0,2000,2274.25,137.0,INGHAM
26,65.0,2001,2403.5,101.0,INGHAM
26,65.0,2002,2682.75,106.0,INGHAM
26,65.0,2003,2243.25,142.0,INGHAM
26,65.0,2004,2310.25,159.0,INGHAM
26,65.0,2005,2870.75,145.0,INGHAM
26,65.0,2006,2505.25,151.0,INGHAM
26,65.0,2007,2757.25,118.0,INGHAM
26,65.0,2008,2507.5,129.0,INGHAM
26,65.0,2009,2192.25,151.0,INGHAM
26,65.0,2010,2829.5,157.7,INGHAM
26,65.0,2011,2638.0,148.4,INGHAM
26,65.0,2012,2722.0,120.5,INGHAM
26,65.0,2013,2610.5,161.5,INGHAM
26,65.0,2014,2388.0,175.9,INGHAM
26,65.0,2015,2571.5,171.9,INGHAM
26,65.0,2016,2870.0,157.2,INGHAM
26,65.0,2017,2783.0,153.3,INGHAM
26,65.0,2018,2868.0,141.7,INGHAM
26,65.0,2019,2599.5,148.3,INGHAM
26,65.0,2020,2719.5,148.1,INGHAM
26,65.0,2021,3059.0,174.4,INGHAM
26,65.0,2022,2829.5,176.6,INGHAM
26,65.0,2023,2630.0,180.2,INGHAM
26,67.0,1990,2266.5,112.5,IONIA
26,67.0,1991,2165.5,129.4,IONIA
26,67.0,1992,2002.0,103.0,IONIA
26,67.0,1993,2188.5,120.3,IONIA
26,67.0,1994,2334.0,123.0,IONIA
26,67.0,1995,2578.0,115.0,IONIA
26,67.0,1996,2318.0,101.0,IONIA
26,67.0,1997,2110.5,119.0,IONIA
26,67.0,1998,2572.5,110.0,IONIA
26,67.0,1999,2346.5,145.0,IONIA
26,67.0,2000,2194.5,133.0,IONIA
26,67.0,2001,2349.0,127.0,IONIA
26,67.0,2002,2648.0,131.0,IONIA
26,67.0,2003,2300.0,139.0,IONIA
26,67.0,2004,2169.5,146.0,IONIA
26,67.0,2005,2726.0,142.0,IONIA
26,67.0,2006,2417.0,147.0,IONIA
26,67.0,2007,2629.5,132.0,IONIA
26,67.0,2008,2352.0,148.0,IONIA
26,67.0,2009,2075.5,154.0,IONIA
26,67.0,2010,2668.0,159.2,IONIA
26,67.0,2011,2481.0,165.1,IONIA
26,67.0,2012,2582.0,140.5,IONIA
26,67.0,2013,2434.0,163.0,IONIA
26,67.0,2022,2412.0,187.5,IONIA
26,67.0,2023,2356.0,175.0,IONIA
26,69.0,1990,2121.75,96.7,IOSCO
26,69.0,1991,2380.25,103.6,IOSCO
26,69.0,1992,1793.25,57.4,IOSCO
26,69.0,1993,2010.5,67.9,IOSCO
26,69.0,1994,2184.25,113.0,IOSCO
26,69.0,1995,2389.0,118.0,IOSCO
26,69.0,1996,2100.75,100.0,IOSCO
26,69.0,1997,2086.75,95.0,IOSCO
26,69.0,1998,2421.25,82.0,IOSCO
26,69.0,1999,2359.0,130.0,IOSCO
26,69.0,2001,2200.75,81.0,IOSCO
26,69.0,2002,2312.833333333333,120.0,IOSCO
26,69.0,2003,2033.7499999999998,120.0,IOSCO
26,69.0,2004,2078.3333333333335,92.0,IOSCO
26,69.0,2005,2441.9166666666665,142.0,IOSCO
26,69.0,2006,2180.6666666666665,138.0,IOSCO
26,69.0,2007,2436.4166666666665,110.0,IOSCO
26,69.0,2008,2108.3333333333335,131.0,IOSCO
26,69.0,2009,1869.5,133.0,IOSCO
26,69.0,2010,2424.5,145.5,IOSCO
26,69.0,2011,2316.0,150.0,IOSCO
26,69.0,2012,2315.75,132.7,IOSCO
26,69.0,2014,1924.4166666666665,128.0,IOSCO
26,69.0,2015,2143.25,140.0,IOSCO
26,69.0,2016,2444.9999999999995,128.9,IOSCO
26,69.0,2017,2224.583333333333,141.8,IOSCO
26,69.0,2019,2083.083333333333,117.1,IOSCO
26,69.0,2020,2315.6666666666665,128.5,IOSCO
26,69.0,2021,2469.6666666666665,161.6,IOSCO
26,69.0,2022,2244.6666666666665,137.3,IOSCO
26,73.0,1990,2403.0,97.3,ISABELLA
26,73.0,1991,2553.5,106.6,ISABELLA
26,73.0,1992,1892.5,81.8,ISABELLA
26,73.0,1993,2144.0,102.7,ISABELLA
26,73.0,1994,2355.5,117.0,ISABELLA
26,73.0,1995,2537.5,120.0,ISABELLA
26,73.0,2001,2412.0,85.0,ISABELLA
26,73.0,2002,2723.0,119.0,ISABELLA
26,73.0,2003,2390.5,118.0,ISABELLA
26,73.0,2004,2353.5,119.0,ISABELLA
26,73.0,2005,2749.5,158.0,ISABELLA
26,73.0,2006,2475.5,136.0,ISABELLA
26,73.0,2010,2791.0,144.6,ISABELLA
26,73.0,2011,2612.0,146.6,ISABELLA
26,73.0,2012,2138.5,155.3,ISABELLA
26,73.0,2013,1871.0,145.2,ISABELLA
26,73.0,2016,2831.0,155.3,ISABELLA
26,73.0,2017,2685.5,150.7,ISABELLA
26,73.0,2018,2737.5,142.9,ISABELLA
26,73.0,2019,2316.5,139.7,ISABELLA
26,73.0,2020,2681.5,133.1,ISABELLA
26,73.0,2021,2828.0,167.4,ISABELLA
26,73.0,2022,2366.0,161.2,ISABELLA
26,73.0,2023,2227.0,151.7,ISABELLA
26,75.0,1990,2313.5,102.7,JACKSON
26,75.0,1991,2495.5,106.2,JACKSON
26,75.0,1992,2041.0,108.8,JACKSON
26,75.0,1993,2299.0,107.0,JACKSON
26,75.0,1994,2459.5,112.0,JACKSON
26,75.0,1995,2691.5,101.0,JACKSON
26,75.0,1996,2402.0,85.0,JACKSON
26,75.0,1997,2331.0,102.0,JACKSON
26,75.0,1998,2724.5,116.0,JACKSON
26,75.0,1999,2633.0,121.0,JACKSON
26,75.0,2000,2357.0,115.0,JACKSON
26,75.0,2001,2301.5,89.0,JACKSON
26,75.0,2002,2612.0,96.0,JACKSON
26,75.0,2003,2221.5,115.0,JACKSON
26,75.0,2004,2253.0,133.0,JACKSON
26,75.0,2005,2693.5,143.0,JACKSON
26,75.0,2006,2440.0,134.0,JACKSON
26,75.0,2007,2668.0,103.0,JACKSON
26,75.0,2008,2517.5,111.0,JACKSON
26,75.0,2009,2273.0,125.0,JACKSON
26,75.0,2010,2776.0,140.0,JACKSON
26,75.0,2011,2577.5,130.1,JACKSON
26,75.0,2012,2665.5,78.7,JACKSON
26,75.0,2013,2568.0,156.4,JACKSON
26,75.0,2014,2395.0,155.6,JACKSON
26,75.0,2015,2504.5,141.1,JACKSON
26,75.0,2016,2851.0,123.7,JACKSON
26,75.0,2017,2651.5,128.7,JACKSON
26,75.0,2018,2934.0,126.9,JACKSON
26,75.0,2019,2666.0,155.9,JACKSON
26,75.0,2020,2553.5,139.1,JACKSON
26,75.0,2021,2977.5,167.4,JACKSON
26,75.0,2022,2581.0,170.9,JACKSON
26,75.0,2023,2282.5,164.8,JACKSON
26,77.0,1990,2647.25,113.8,KALAMAZOO
26,77.0,1991,2956.75,103.8,KALAMAZOO
26,77.0,1992,2247.0,115.4,KALAMAZOO
26,77.0,1993,2478.5,114.9,KALAMAZOO
26,77.0,1994,2770.25,125.0,KALAMAZOO
26,77.0,1995,2885.75,111.0,KALAMAZOO
26,77.0,1996,2619.0,74.0,KALAMAZOO
26,77.0,1997,2649.0,111.0,KALAMAZOO
26,77.0,1998,2896.0,117.0,KALAMAZOO
26,77.0,1999,2821.5,111.0,KALAMAZOO
26,77.0,2000,2470.0,110.0,KALAMAZOO
26,77.0,2001,2496.25,111.0,KALAMAZOO
26,77.0,2002,2892.5,111.0,KALAMAZOO
26,77.0,2003,2559.75,130.0,KALAMAZOO
26,77.0,2004,2654.0,138.0,KALAMAZOO
26,77.0,2005,3087.0,135.0,KALAMAZOO
26,77.0,2006,2623.5,148.0,KALAMAZOO
26,77.0,2007,2916.5,109.0,KALAMAZOO
26,77.0,2008,2696.75,120.0,KALAMAZOO
26,77.0,2009,2386.5,150.0,KALAMAZOO
26,77.0,2010,2998.0,154.5,KALAMAZOO
26,77.0,2011,2759.25,162.3,KALAMAZOO
26,77.0,2012,2786.5833333333335,138.2,KALAMAZOO
26,77.0,2013,2752.6666666666665,178.8,KALAMAZOO
26,77.0,2014,2571.5,188.7,KALAMAZOO
26,77.0,2015,2609.5,143.8,KALAMAZOO
26,77.0,2016,2994.0,150.9,KALAMAZOO
26,77.0,2017,2827.5,157.7,KALAMAZOO
26,77.0,2019,2871.5,138.4,KALAMAZOO
26,77.0,2020,2845.75,141.7,KALAMAZOO
26,77.0,2021,3149.5,150.0,KALAMAZOO
26,77.0,2023,2736.0,145.0,KALAMAZOO
26,79.0,1991,2126.5,87.5,KALKASKA
26,79.0,1992,1583.0,66.7,KALKASKA
26,79.0,1993,1732.5,68.8,KALKASKA
26,79.0,1994,1910.5,99.0,KALKASKA
26,79.0,1995,2180.5,111.0,KALKASKA
26,79.0,1998,2134.5,75.0,KALKASKA
26,79.0,1999,2055.0,109.0,KALKASKA
26,79.0,2002,2185.5,108.0,KALKASKA
26,79.0,2011,2195.5,80.0,KALKASKA
26,79.0,2013,2134.583333333333,104.0,KALKASKA
26,79.0,2021,2296.0,120.2,KALKASKA
26,81.0,1990,2364.0,110.3,KENT
26,81.0,1991,2718.0,116.2,KENT
26,81.0,1992,2095.5,87.5,KENT
26,81.0,1993,2294.5,105.0,KENT
26,81.0,1994,2442.25,109.0,KENT
26,81.0,1995,2647.5,107.0,KENT
26,81.0,1996,2457.5,90.0,KENT
26,81.0,1997,2337.0,112.0,KENT
26,81.0,1998,2751.5,90.0,KENT
26,81.0,1999,2599.0,142.0,KENT
26,81.0,2000,2289.5,116.0,KENT
26,81.0,2001,2388.0,115.0,KENT
26,81.0,2002,2701.0,122.0,KENT
26,81.0,2003,2334.5,123.0,KENT
26,81.0,2004,2413.0,129.0,KENT
26,81.0,2005,2842.5,138.0,KENT
26,81.0,2006,2572.75,140.0,KENT
26,81.0,2007,2800.75,115.0,KENT
26,81.0,2008,2487.25,134.0,KENT
26,81.0,2009,2198.0,143.0,KENT
26,81.0,2010,2743.0,147.6,KENT
26,81.0,2011,2529.0,163.3,KENT
26,81.0,2012,2543.75,129.9,KENT
26,81.0,2013,2665.25,154.2,KENT
26,81.0,2014,2448.75,146.8,KENT
26,81.0,2015,2483.333333333333,170.6,KENT
26,81.0,2016,2749.1666666666665,160.9,KENT
26,81.0,2017,2424.5,162.5,KENT
26,81.0,2018,2561.0833333333335,153.9,KENT
26,81.0,2019,2494.75,150.5,KENT
26,81.0,2020,2418.4166666666665,158.8,KENT
26,81.0,2021,2758.9583333333335,174.3,KENT
26,81.0,2022,2436.1666666666665,163.5,KENT
26,81.0,2023,2407.6583333333333,178.4,KENT
26,85.0,1990,2119.5,70.0,LAKE
26,85.0,1991,2349.5,87.5,LAKE
26,85.0,1992,1854.5,50.0,LAKE
26,85.0,1993,2052.5,80.0,LAKE
26,85.0,1994,2204.5,108.0,LAKE
26,85.0,1995,2324.0,77.0,LAKE
26,85.0,1996,2050.5,80.0,LAKE
26,85.0,2009,1992.75,119.0,LAKE
26,85.0,2010,2564.5,143.8,LAKE
26,85.0,2011,2397.25,138.5,LAKE
26,85.0,2012,2351.5,122.9,LAKE
26,85.0,2013,2326.25,100.0,LAKE
26,85.0,2014,2108.5,125.0,LAKE
26,85.0,2015,2131.75,115.0,LAKE
26,85.0,2016,2426.0,130.8,LAKE
26,85.0,2018,2525.5,106.4,LAKE
26,85.0,2021,2577.5,157.9,LAKE
26,87.0,1990,2353.5,110.4,LAPEER
26,87.0,1991,2732.0,104.2,LAPEER
26,87.0,1992,2132.0,98.2,LAPEER
26,87.0,1994,2237.0,113.0,LAPEER
26,87.0,1995,2494.5,116.0,LAPEER
26,87.0,1996,2204.5,95.0,LAPEER
26,87.0,1997,2092.75,111.0,LAPEER
26,87.0,1998,2542.5,114.0,LAPEER
26,87.0,1999,2455.75,137.0,LAPEER
26,87.0,2000,2185.75,129.0,LAPEER
26,87.0,2001,2324.5833333333335,84.0,LAPEER
26,87.0,2002,2537.25,112.0,LAPEER
26,87.0,2003,2282.0833333333335,122.0,LAPEER
26,87.0,2004,2253.1666666666665,123.0,LAPEER
26,87.0,2005,2662.833333333333,138.0,LAPEER
26,87.0,2006,2367.083333333333,156.0,LAPEER
26,87.0,2007,2619.5,110.0,LAPEER
26,87.0,2008,2342.5833333333335,150.0,LAPEER
26,87.0,2009,2164.0833333333335,134.0,LAPEER
26,87.0,2010,2672.1666666666665,138.5,LAPEER
26,87.0,2011,2633.9166666666665,139.1,LAPEER
26,87.0,2012,2668.5,150.3,LAPEER
26,87.0,2013,2560.25,150.7,LAPEER
26,87.0,2014,2311.5,149.1,LAPEER
26,87.0,2015,2521.75,174.3,LAPEER
26,87.0,2016,2788.0,170.7,LAPEER
26,87.0,2017,2587.75,186.4,LAPEER
26,87.0,2018,2812.5,172.0,LAPEER
26,87.0,2019,2555.0,146.8,LAPEER
26,87.0,2020,2619.0,163.8,LAPEER
26,87.0,2021,2901.0,176.1,LAPEER
26,87.0,2022,2604.75,159.1,LAPEER
26,87.0,2023,2422.25,170.1,LAPEER
26,89.0,1990,2025.75,73.9,LEELANAU
26,89.0,1991,2393.5,85.2,LEELANAU
26,89.0,1992,1800.5,71.0,LEELANAU
26,89.0,1993,1932.0,84.5,LEELANAU
26,89.0,1994,2214.0,109.0,LEELANAU
26,89.0,1995,2314.5,106.0,LEELANAU
26,89.0,1996,1770.0,69.0,LEELANAU
26,89.0,1998,2415.25,92.0,LEELANAU
26,89.0,1999,2319.5,103.0,LEELANAU
26,89.0,2002,2392.4166666666665,76.0,LEELANAU
26,89.0,2003,2130.2083333333335,93.0,LEELANAU
26,89.0,2005,2605.0,82.0,LEELANAU
26,89.0,2007,2513.9166666666665,56.0,LEELANAU
26,89.0,2008,2124.25,84.0,LEELANAU
26,89.0,2009,1805.0,94.0,LEELANAU
26,89.0,2010,2399.5,104.3,LEELANAU
26,89.0,2011,2338.0,74.6,LEELANAU
26,89.0,2012,2423.5416666666665,48.3,LEELANAU
26,89.0,2013,2198.0833333333335,97.7,LEELANAU
26,89.0,2015,2206.1666666666665,82.0,LEELANAU
26,89.0,2016,2496.6666666666665,56.0,LEELANAU
26,89.0,2017,2207.2083333333335,119.6,LEELANAU
26,89.0,2019,2062.5,121.1,LEELANAU
26,89.0,2020,2263.25,113.0,LEELANAU
26,89.0,2021,2469.6666666666665,113.2,LEELANAU
26,89.0,2022,2199.9583333333335,89.9,LEELANAU
26,89.0,2023,2199.7916666666665,98.8,LEELANAU
26,91.0,1990,2446.0,124.3,LENAWEE
26,91.0,1991,2711.5,88.9,LENAWEE
26,91.0,1992,2107.5,126.9,LENAWEE
26,91.0,1993,2300.0,115.7,LENAWEE
26,91.0,1994,2548.75,125.0,LENAWEE
26,91.0,1995,2630.5,127.0,LENAWEE
26,91.0,1996,2532.0,106.0,LENAWEE
26,91.0,1997,2434.5,133.0,LENAWEE
26,91.0,1998,2638.25,146.0,LENAWEE
26,91.0,1999,2703.25,124.0,LENAWEE
26,91.0,2000,2462.5,134.0,LENAWEE
26,91.0,2001,2493.0833333333335,124.0,LENAWEE
26,91.0,2002,2813.425,104.0,LENAWEE
26,91.0,2003,2393.9083333333333,159.0,LENAWEE
26,91.0,2004,2504.6166666666663,150.0,LENAWEE
26,91.0,2005,2890.3416666666667,161.0,LENAWEE
26,91.0,2006,2595.45,158.0,LENAWEE
26,91.0,2007,2754.1,144.0,LENAWEE
26,91.0,2008,2539.5833333333335,134.0,LENAWEE
26,91.0,2009,2272.6499999999996,154.0,LENAWEE
26,91.0,2010,2851.8,155.7,LENAWEE
26,91.0,2011,2721.233333333333,149.6,LENAWEE
26,91.0,2012,2733.8416666666667,100.3,LENAWEE
26,91.0,2013,2675.5916666666667,181.5,LENAWEE
26,91.0,2014,2492.633333333333,174.7,LENAWEE
26,91.0,2015,2669.75,161.1,LENAWEE
26,91.0,2016,2900.775,165.7,LENAWEE
26,91.0,2017,2709.266666666667,182.8,LENAWEE
26,91.0,2018,2896.6666666666665,164.1,LENAWEE
26,91.0,2019,2669.475,172.3,LENAWEE
26,91.0,2020,2685.25,158.4,LENAWEE
26,91.0,2021,2891.616666666667,184.1,LENAWEE
26,91.0,2022,2660.1,188.7,LENAWEE
26,91.0,2023,2577.175,191.5,LENAWEE
26,93.0,1990,2276.0,96.6,LIVINGSTON
26,93.0,1991,2630.5,110.0,LIVINGSTON
26,93.0,1992,2001.0,98.4,LIVINGSTON
26,93.0,1993,2155.5,89.2,LIVINGSTON
26,93.0,1994,1918.5,102.0,LIVINGSTON
26,93.0,1995,2039.5,96.0,LIVINGSTON
26,93.0,1996,2283.0,83.0,LIVINGSTON
26,93.0,1997,2130.0,106.0,LIVINGSTON
26,93.0,1998,2137.75,97.0,LIVINGSTON
26,93.0,1999,1664.5,131.0,LIVINGSTON
26,93.0,2000,2221.25,116.0,LIVINGSTON
26,93.0,2001,2094.75,101.0,LIVINGSTON
26,93.0,2002,2687.25,102.0,LIVINGSTON
26,93.0,2003,2253.25,123.0,LIVINGSTON
26,93.0,2004,2289.8333333333335,132.0,LIVINGSTON
26,93.0,2005,2720.6666666666665,135.0,LIVINGSTON
26,93.0,2006,2430.5,131.0,LIVINGSTON
26,93.0,2007,2615.0,107.0,LIVINGSTON
26,93.0,2008,2373.7916666666665,126.0,LIVINGSTON
26,93.0,2009,2136.4583333333335,139.0,LIVINGSTON
26,93.0,2010,2697.875,144.2,LIVINGSTON
26,93.0,2011,2536.625,139.5,LIVINGSTON
26,93.0,2012,2568.625,126.3,LIVINGSTON
26,93.0,2013,2515.9583333333335,153.2,LIVINGSTON
26,93.0,2014,2292.125,171.4,LIVINGSTON
26,93.0,2015,2463.6666666666665,161.1,LIVINGSTON
26,93.0,2016,2784.5,155.6,LIVINGSTON
26,93.0,2017,2529.5833333333335,158.1,LIVINGSTON
26,93.0,2018,2716.5833333333335,143.3,LIVINGSTON
26,93.0,2019,2464.75,148.0,LIVINGSTON
26,93.0,2020,2522.5,158.4,LIVINGSTON
26,93.0,2021,2722.5,165.7,LIVINGSTON
26,93.0,2022,2403.0,153.9,LIVINGSTON
26,93.0,2023,2376.5,160.9,LIVINGSTON
26,97.0,1993,1614.0,50.0,MACKINAC
26,99.0,1990,2387.5,100.0,MACOMB
26,99.0,1991,2418.5,105.3,MACOMB
26,99.0,1992,2047.5,112.5,MACOMB
26,99.0,1993,2513.5,100.0,MACOMB
26,99.0,1994,2539.0,116.0,MACOMB
26,99.0,1995,2821.5,115.0,MACOMB
26,99.0,1996,2579.0,92.0,MACOMB
26,99.0,1997,2757.5,114.0,MACOMB
26,99.0,1998,2776.5,115.0,MACOMB
26,99.0,1999,2851.5,132.0,MACOMB
26,99.0,2000,2325.0,110.0,MACOMB
26,99.0,2001,2496.75,101.0,MACOMB
26,99.0,2002,2714.0833333333335,119.0,MACOMB
26,99.0,2003,2356.5,116.0,MACOMB
26,99.0,2004,2320.25,130.0,MACOMB
26,99.0,2005,2794.8333333333335,150.0,MACOMB
26,99.0,2006,2484.4583333333335,153.0,MACOMB
26,99.0,2007,2733.241666666667,110.0,MACOMB
26,99.0,2008,2523.375,160.0,MACOMB
26,99.0,2009,2363.8333333333335,152.0,MACOMB
26,99.0,2010,2839.6666666666665,139.7,MACOMB
26,99.0,2011,2408.5,149.5,MACOMB
26,99.0,2012,2411.0,166.5,MACOMB
26,99.0,2013,2156.25,152.5,MACOMB
26,99.0,2014,2177.0,160.2,MACOMB
26,99.0,2015,2595.75,154.4,MACOMB
26,99.0,2016,2855.25,168.6,MACOMB
26,99.0,2017,2649.25,170.5,MACOMB
26,99.0,2018,2858.25,171.8,MACOMB
26,99.0,2019,2656.25,160.2,MACOMB
26,99.0,2020,2689.5,155.0,MACOMB
26,99.0,2021,2969.25,161.7,MACOMB
26,99.0,2022,2622.5,157.6,MACOMB
26,99.0,2023,2440.0,174.6,MACOMB
26,101.0,1990,1872.0,61.5,MANISTEE
26,101.0,1991,2321.5,96.4,MANISTEE
26,101.0,1993,1945.0,60.0,MANISTEE
26,101.0,1994,2161.5,95.0,MANISTEE
26,101.0,1995,2391.0,93.0,MANISTEE
26,101.0,1996,2029.0,92.0,MANISTEE
26,101.0,1998,2419.5,104.0,MANISTEE
26,101.0,2000,2108.75,80.0,MANISTEE
26,101.0,2002,2598.5,90.0,MANISTEE
26,101.0,2004,2136.25,93.0,MANISTEE
26,101.0,2006,2308.5,100.0,MANISTEE
26,101.0,2007,2579.75,64.0,MANISTEE
26,101.0,2009,2001.25,117.0,MANISTEE
26,101.0,2010,2644.0,131.6,MANISTEE
26,101.0,2012,2521.75,83.4,MANISTEE
26,101.0,2014,2126.25,129.3,MANISTEE
26,101.0,2015,2354.75,91.3,MANISTEE
26,101.0,2016,2544.0,85.7,MANISTEE
26,101.0,2017,2247.75,118.4,MANISTEE
26,101.0,2019,2156.0,119.0,MANISTEE
26,101.0,2020,2275.5,120.4,MANISTEE
26,101.0,2021,2504.0,140.5,MANISTEE
26,101.0,2022,2214.0,124.1,MANISTEE
26,101.0,2023,2239.5,131.9,MANISTEE
26,103.0,1993,1611.75,50.0,MARQUETTE
26,103.0,1994,1684.1666666666667,50.0,MARQUETTE
26,103.0,1995,1948.125,73.0,MARQUETTE
26,105.0,1990,2209.5,82.9,MASON
26,105.0,1991,2473.5,103.7,MASON
26,105.0,1992,1907.0,68.0,MASON
26,105.0,1993,2092.0,87.1,MASON
26,105.0,1994,2310.5,97.0,MASON
26,105.0,1995,2352.0,91.0,MASON
26,105.0,1996,2082.0,64.0,MASON
26,105.0,1997,2022.5,98.0,MASON
26,105.0,2000,2253.5,89.0,MASON
26,105.0,2001,2399.5,64.0,MASON
26,105.0,2005,2896.0,132.0,MASON
26,105.0,2006,2323.5,116.0,MASON
26,105.0,2007,2495.5,109.0,MASON
26,105.0,2008,2030.5,99.0,MASON
26,105.0,2009,1741.0,116.0,MASON
26,105.0,2010,2317.0,150.5,MASON
26,105.0,2011,2272.75,128.7,MASON
26,105.0,2012,2383.5,137.0,MASON
26,105.0,2013,2216.5,126.2,MASON
26,107.0,1990,2069.0,100.0,MECOSTA
26,107.0,1991,2178.0,106.7,MECOSTA
26,107.0,1993,2119.0,78.9,MECOSTA
26,107.0,1994,2268.0,105.0,MECOSTA
26,107.0,1995,1791.0,98.0,MECOSTA
26,107.0,1996,1720.0,97.0,MECOSTA
26,107.0,1997,2139.0,98.0,MECOSTA
26,107.0,1998,2576.0,92.0,MECOSTA
26,107.0,1999,2432.5,141.0,MECOSTA
26,107.0,2000,2180.0,110.0,MECOSTA
26,107.0,2001,2171.0,100.0,MECOSTA
26,107.0,2002,2452.5,104.0,MECOSTA
26,107.0,2003,2151.0,102.0,MECOSTA
26,107.0,2004,2112.5,102.0,MECOSTA
26,107.0,2005,2524.5,139.0,MECOSTA
26,107.0,2006,2229.5,132.0,MECOSTA
26,107.0,2007,2440.5,100.0,MECOSTA
26,107.0,2008,2109.0,108.0,MECOSTA
26,107.0,2009,1845.5,126.0,MECOSTA
26,107.0,2010,2523.0,141.9,MECOSTA
26,107.0,2011,2333.5,136.6,MECOSTA
26,107.0,2012,2313.0,145.8,MECOSTA
26,107.0,2014,2062.5,134.6,MECOSTA
26,107.0,2015,2205.5,133.2,MECOSTA
26,107.0,2016,2384.5,144.9,MECOSTA
26,107.0,2017,2139.5,133.2,MECOSTA
26,107.0,2018,2370.5,112.3,MECOSTA
26,107.0,2019,2157.0,135.4,MECOSTA
26,107.0,2020,2243.5,118.9,MECOSTA
26,107.0,2021,2501.0,153.0,MECOSTA
26,107.0,2022,2091.0,135.7,MECOSTA
26,107.0,2023,1978.0,131.2,MECOSTA
26,109.0,1990,1814.5,67.3,MENOMINEE
26,109.0,1991,2214.0,78.7,MENOMINEE
26,109.0,1992,1697.5,58.6,MENOMINEE
26,109.0,1993,1800.0,54.8,MENOMINEE
26,109.0,1994,2023.5,86.0,MENOMINEE
26,109.0,1995,2216.0,95.0,MENOMINEE
26,109.0,1996,1905.0,75.0,MENOMINEE
26,109.0,1997,1925.5,84.0,MENOMINEE
26,109.0,1998,2182.0,93.0,MENOMINEE
26,109.0,1999,1867.5,112.0,MENOMINEE
26,109.0,2001,2122.5,79.0,MENOMINEE
26,109.0,2002,2193.5,113.0,MENOMINEE
26,109.0,2003,2108.5,79.0,MENOMINEE
26,109.0,2004,1885.0,82.0,MENOMINEE
26,109.0,2005,2363.5,122.0,MENOMINEE
26,109.0,2006,1716.75,138.0,MENOMINEE
26,109.0,2008,1699.5,76.0,MENOMINEE
26,111.0,1990,2454.0,107.9,MIDLAND
26,111.0,1991,2775.5,118.5,MIDLAND
26,111.0,1992,1654.5,101.3,MIDLAND
26,111.0,1993,2396.0,113.3,MIDLAND
26,111.0,1994,2586.0,117.0,MIDLAND
26,111.0,1995,2807.0,125.0,MIDLAND
26,111.0,1996,2079.0,112.0,MIDLAND
26,111.0,1997,2492.0,116.0,MIDLAND
26,111.0,1998,2892.5,98.0,MIDLAND
26,111.0,1999,2781.5,151.0,MIDLAND
26,111.0,2000,2456.5,130.0,MIDLAND
26,111.0,2001,2652.5,111.0,MIDLAND
26,111.0,2002,2713.0,128.0,MIDLAND
26,111.0,2003,2379.25,140.0,MIDLAND
26,111.0,2004,2315.75,122.0,MIDLAND
26,111.0,2005,2707.1666666666665,152.0,MIDLAND
26,111.0,2006,2416.5,136.0,MIDLAND
26,111.0,2007,2631.083333333333,134.0,MIDLAND
26,111.0,2008,2367.3333333333335,151.0,MIDLAND
26,111.0,2009,2169.25,156.0,MIDLAND
26,111.0,2010,2772.75,159.8,MIDLAND
26,111.0,2011,2590.75,161.8,MIDLAND
26,111.0,2012,2622.0,163.1,MIDLAND
26,111.0,2013,2460.25,151.0,MIDLAND
26,111.0,2014,2068.75,168.9,MIDLAND
26,111.0,2015,2259.75,159.5,MIDLAND
26,111.0,2016,2543.5,168.9,MIDLAND
26,111.0,2017,2453.75,167.8,MIDLAND
26,111.0,2018,2532.25,163.3,MIDLAND
26,111.0,2020,2501.5,151.9,MIDLAND
26,111.0,2021,2487.25,182.0,MIDLAND
26,111.0,2022,2152.25,179.5,MIDLAND
26,111.0,2023,2104.0,177.9,MIDLAND
26,113.0,1990,1888.75,96.7,MISSAUKEE
26,113.0,1991,2208.5,104.6,MISSAUKEE
26,113.0,1992,1678.75,69.2,MISSAUKEE
26,113.0,1993,1846.0,83.8,MISSAUKEE
26,113.0,1994,1993.5,115.0,MISSAUKEE
26,113.0,1995,2256.0,127.0,MISSAUKEE
26,113.0,1996,1969.0,98.0,MISSAUKEE
26,113.0,1997,1898.0,103.0,MISSAUKEE
26,113.0,1998,2317.25,105.0,MISSAUKEE
26,113.0,1999,2137.75,146.0,MISSAUKEE
26,113.0,2000,1934.0,121.0,MISSAUKEE
26,113.0,2001,2048.75,91.0,MISSAUKEE
26,113.0,2002,2291.0,125.0,MISSAUKEE
26,113.0,2003,2030.25,134.0,MISSAUKEE
26,113.0,2004,2012.75,97.0,MISSAUKEE
26,113.0,2005,2345.5,136.0,MISSAUKEE
26,113.0,2006,2095.75,136.0,MISSAUKEE
26,113.0,2007,2332.0,94.0,MISSAUKEE
26,113.0,2008,2086.75,122.0,MISSAUKEE
26,113.0,2009,1819.5,109.0,MISSAUKEE
26,113.0,2010,2357.75,151.2,MISSAUKEE
26,113.0,2011,2270.75,141.5,MISSAUKEE
26,113.0,2012,2250.25,129.2,MISSAUKEE
26,113.0,2014,1956.25,139.8,MISSAUKEE
26,113.0,2015,2115.25,131.8,MISSAUKEE
26,113.0,2016,2334.0,129.8,MISSAUKEE
26,113.0,2017,2185.75,151.6,MISSAUKEE
26,113.0,2019,2043.5,152.2,MISSAUKEE
26,113.0,2022,2151.0,160.3,MISSAUKEE
26,113.0,2023,2137.5,160.9,MISSAUKEE
26,115.0,1990,2635.0,126.2,MONROE
26,115.0,1991,2979.25,90.2,MONROE
26,115.0,1992,2334.75,127.7,MONROE
26,115.0,1993,2568.0,117.9,MONROE
26,115.0,1994,2661.75,123.0,MONROE
26,115.0,1995,2888.75,124.0,MONROE
26,115.0,1996,2595.0,99.0,MONROE
26,115.0,1997,2388.5,136.0,MONROE
26,115.0,1998,2845.0,154.0,MONROE
26,115.0,1999,2721.5,124.0,MONROE
26,115.0,2000,2486.25,145.0,MONROE
26,115.0,2001,2538.0,116.0,MONROE
26,115.0,2002,2830.1666666666665,112.0,MONROE
26,115.0,2003,2311.3333333333335,172.0,MONROE
26,115.0,2004,2510.8416666666667,145.0,MONROE
26,115.0,2005,2917.9833333333336,163.0,MONROE
26,115.0,2006,2670.125,163.0,MONROE
26,115.0,2007,2864.8083333333334,154.0,MONROE
26,115.0,2008,2616.7083333333335,139.0,MONROE
26,115.0,2009,2377.858333333333,164.0,MONROE
26,115.0,2010,2971.991666666667,153.0,MONROE
26,115.0,2011,2783.85,156.6,MONROE
26,115.0,2012,2799.6916666666666,101.6,MONROE
26,115.0,2013,2733.65,152.8,MONROE
26,115.0,2014,2521.1749999999997,175.4,MONROE
26,115.0,2015,2692.7999999999997,150.3,MONROE
26,115.0,2016,3006.7999999999997,169.5,MONROE
26,115.0,2017,2752.1666666666665,170.2,MONROE
26,115.0,2018,2982.925,166.6,MONROE
26,115.0,2019,2833.233333333333,178.7,MONROE
26,115.0,2020,2830.5,147.8,MONROE
26,115.0,2021,3087.6666666666665,193.8,MONROE
26,115.0,2022,2007.5,181.1,MONROE
26,115.0,2023,2527.5,192.5,MONROE
26,117.0,1990,2371.0,112.8,MONTCALM
26,117.0,1991,2609.5,113.0,MONTCALM
26,117.0,1992,2016.5,84.8,MONTCALM
26,117.0,1993,2090.0,101.6,MONTCALM
26,117.0,1994,2287.0,117.0,MONTCALM
26,117.0,1995,2756.5,109.0,MONTCALM
26,117.0,1996,2129.0,101.0,MONTCALM
26,117.0,1997,2079.5,119.0,MONTCALM
26,117.0,1998,2731.0,92.0,MONTCALM
26,117.0,1999,2664.5,136.0,MONTCALM
26,117.0,2000,2393.5,109.0,MONTCALM
26,117.0,2001,2463.0,99.0,MONTCALM
26,117.0,2002,2745.5,115.0,MONTCALM
26,117.0,2003,2398.5,105.0,MONTCALM
26,117.0,2004,2327.5,120.0,MONTCALM
26,117.0,2005,2711.5,135.0,MONTCALM
26,117.0,2006,2424.5,134.0,MONTCALM
26,117.0,2007,2742.5,110.0,MONTCALM
26,117.0,2008,2441.5,126.0,MONTCALM
26,117.0,2009,2080.5,136.0,MONTCALM
26,117.0,2010,2648.0,135.1,MONTCALM
26,117.0,2011,2563.0,146.8,MONTCALM
26,117.0,2012,1932.0,141.4,MONTCALM
26,117.0,2013,2580.5,143.1,MONTCALM
26,117.0,2014,1692.0,149.3,MONTCALM
26,117.0,2015,2467.0,159.3,MONTCALM
26,117.0,2016,2716.0,156.1,MONTCALM
26,117.0,2017,2617.0,134.2,MONTCALM
26,117.0,2018,2673.5,153.8,MONTCALM
26,117.0,2019,2480.5,143.6,MONTCALM
26,117.0,2020,2544.0,159.4,MONTCALM
26,117.0,2021,2302.0,177.8,MONTCALM
26,117.0,2022,2469.5,157.5,MONTCALM
26,117.0,2023,2417.5,153.7,MONTCALM
26,119.0,1990,1928.5,85.0,MONTMORENCY
26,119.0,1991,2188.5,96.4,MONTMORENCY
26,119.0,1992,1718.5,48.9,MONTMORENCY
26,119.0,1993,1728.0,58.2,MONTMORENCY
26,119.0,1994,1988.0,96.0,MONTMORENCY
26,119.0,1995,1935.0,104.0,MONTMORENCY
26,119.0,1998,2157.0,70.0,MONTMORENCY
26,119.0,2000,1572.5,113.0,MONTMORENCY
26,119.0,2001,2098.5,59.0,MONTMORENCY
26,119.0,2002,2291.5,113.0,MONTMORENCY
26,119.0,2004,1703.5,100.0,MONTMORENCY
26,119.0,2005,2293.5,124.0,MONTMORENCY
26,119.0,2006,2061.5,125.0,MONTMORENCY
26,119.0,2007,2271.0,83.0,MONTMORENCY
26,119.0,2008,1995.5,106.0,MONTMORENCY
26,119.0,2009,1668.5,117.0,MONTMORENCY
26,119.0,2010,2204.0,117.1,MONTMORENCY
26,119.0,2011,2111.5,109.3,MONTMORENCY
26,119.0,2012,2136.0,111.0,MONTMORENCY
26,119.0,2014,1818.5,121.4,MONTMORENCY
26,119.0,2015,2045.0,125.0,MONTMORENCY
26,119.0,2016,2253.0,71.3,MONTMORENCY
26,119.0,2017,2033.0,140.0,MONTMORENCY
26,119.0,2018,2291.5,82.5,MONTMORENCY
26,119.0,2019,1864.0,115.0,MONTMORENCY
26,119.0,2023,1985.5,149.4,MONTMORENCY
26,121.0,1990,2182.5,85.0,MUSKEGON
26,121.0,1991,2535.0,108.1,MUSKEGON
26,121.0,1992,1908.5,58.0,MUSKEGON
26,121.0,1993,2140.0,93.9,MUSKEGON
26,121.0,1994,2238.5,103.0,MUSKEGON
26,121.0,1995,2524.5,94.0,MUSKEGON
26,121.0,1996,2097.25,70.0,MUSKEGON
26,121.0,1997,2124.75,105.0,MUSKEGON
26,121.0,1998,2437.25,102.0,MUSKEGON
26,121.0,1999,2421.75,112.0,MUSKEGON
26,121.0,2000,2177.25,88.0,MUSKEGON
26,121.0,2001,2256.25,77.0,MUSKEGON
26,121.0,2002,2567.75,106.0,MUSKEGON
26,121.0,2003,2179.75,89.0,MUSKEGON
26,121.0,2004,2147.0,84.0,MUSKEGON
26,121.0,2005,2715.25,112.0,MUSKEGON
26,121.0,2007,2574.25,106.0,MUSKEGON
26,121.0,2008,2190.0,119.0,MUSKEGON
26,121.0,2009,2043.0,136.0,MUSKEGON
26,121.0,2010,2594.25,153.1,MUSKEGON
26,121.0,2011,2614.25,140.3,MUSKEGON
26,121.0,2012,2638.75,115.2,MUSKEGON
26,121.0,2013,2454.0,128.3,MUSKEGON
26,121.0,2014,2221.25,132.7,MUSKEGON
26,121.0,2015,2377.25,144.4,MUSKEGON
26,121.0,2016,2706.25,153.4,MUSKEGON
26,121.0,2018,2740.75,133.9,MUSKEGON
26,121.0,2020,2615.0,138.0,MUSKEGON
26,121.0,2021,2835.25,158.0,MUSKEGON
26,121.0,2022,2573.25,168.0,MUSKEGON
26,121.0,2023,2553.75,138.6,MUSKEGON
26,123.0,1990,2258.0,79.7,NEWAYGO
26,123.0,1993,2102.0,98.5,NEWAYGO
26,123.0,1994,2080.25,105.0,NEWAYGO
26,123.0,1995,1757.5,106.0,NEWAYGO
26,123.0,1997,1984.5,109.0,NEWAYGO
26,123.0,1998,2424.5,89.0,NEWAYGO
26,123.0,1999,2298.0,131.0,NEWAYGO
26,123.0,2000,2030.0,110.0,NEWAYGO
26,123.0,2001,2153.5,75.0,NEWAYGO
26,123.0,2002,2402.0,108.0,NEWAYGO
26,123.0,2003,2164.0,96.0,NEWAYGO
26,123.0,2004,2093.5,91.0,NEWAYGO
26,123.0,2005,2562.5,106.0,NEWAYGO
26,123.0,2006,2299.5,132.0,NEWAYGO
26,123.0,2007,2492.0,102.0,NEWAYGO
26,123.0,2008,2223.75,108.0,NEWAYGO
26,123.0,2009,1838.0,127.0,NEWAYGO
26,123.0,2010,2451.8333333333335,136.6,NEWAYGO
26,123.0,2011,2293.25,128.5,NEWAYGO
26,123.0,2012,2428.25,135.8,NEWAYGO
26,123.0,2013,2296.25,115.7,NEWAYGO
26,123.0,2014,2075.25,119.4,NEWAYGO
26,123.0,2015,2247.0,139.3,NEWAYGO
26,123.0,2016,2719.0,150.7,NEWAYGO
26,123.0,2017,2521.0,139.3,NEWAYGO
26,123.0,2018,2630.0,113.8,NEWAYGO
26,123.0,2019,2338.0,137.0,NEWAYGO
26,123.0,2020,1942.5,142.2,NEWAYGO
26,123.0,2022,2426.5,174.0,NEWAYGO
26,123.0,2023,2476.5,157.3,NEWAYGO
26,125.0,1990,2484.5,104.5,OAKLAND
26,125.0,1991,2848.0,82.6,OAKLAND
26,125.0,1992,2121.5,95.8,OAKLAND
26,125.0,1993,2395.0,92.8,OAKLAND
26,125.0,1994,2516.5,113.0,OAKLAND
26,125.0,1995,2726.0,104.0,OAKLAND
26,125.0,1996,2520.0,90.0,OAKLAND
26,125.0,1997,2393.0,97.0,OAKLAND
26,125.0,1998,2462.75,79.0,OAKLAND
26,125.0,2002,2650.0,88.0,OAKLAND
26,125.0,2003,2287.5,100.0,OAKLAND
26,125.0,2009,2176.1666666666665,119.0,OAKLAND
26,125.0,2010,2751.6666666666665,123.7,OAKLAND
26,125.0,2011,2586.5,129.4,OAKLAND
26,125.0,2012,2637.7916666666665,120.6,OAKLAND
26,125.0,2013,2543.5416666666665,153.3,OAKLAND
26,125.0,2014,2292.7916666666665,139.3,OAKLAND
26,125.0,2015,2442.0416666666665,145.0,OAKLAND
26,125.0,2017,2555.7916666666665,151.9,OAKLAND
26,125.0,2018,2773.25,151.9,OAKLAND
26,125.0,2019,2559.9166666666665,133.3,OAKLAND
26,125.0,2020,2580.4583333333335,140.5,OAKLAND
26,125.0,2021,2800.0833333333335,165.6,OAKLAND
26,125.0,2022,2668.125,142.6,OAKLAND
26,125.0,2023,2428.5333333333333,160.2,OAKLAND
26,127.0,1990,2186.583333333333,82.7,OCEANA
26,127.0,1991,2360.25,96.1,OCEANA
26,127.0,1992,1736.5,71.8,OCEANA
26,127.0,1993,2054.75,94.8,OCEANA
26,127.0,1994,2077.5,107.0,OCEANA
26,127.0,1995,2470.25,95.0,OCEANA
26,127.0,1996,1949.75,86.0,OCEANA
26,127.0,1998,2372.75,82.0,OCEANA
26,127.0,1999,2278.0,114.0,OCEANA
26,127.0,2002,2442.75,104.0,OCEANA
26,127.0,2003,2141.5,100.0,OCEANA
26,127.0,2004,2042.5,84.0,OCEANA
26,127.0,2006,2260.25,119.0,OCEANA
26,127.0,2009,2005.75,113.0,OCEANA
26,127.0,2010,2593.0,145.2,OCEANA
26,127.0,2011,2428.75,127.5,OCEANA
26,127.0,2012,2480.0,124.9,OCEANA
26,127.0,2013,2336.75,130.3,OCEANA
26,127.0,2014,2052.75,123.3,OCEANA
26,127.0,2015,2305.0,123.0,OCEANA
26,127.0,2016,2584.5,150.0,OCEANA
26,127.0,2017,2376.0,137.2,OCEANA
26,127.0,2018,1976.0,123.0,OCEANA
26,127.0,2022,2291.0,154.1,OCEANA
26,127.0,2023,2240.0,151.5,OCEANA
26,129.0,1990,2036.25,103.2,OGEMAW
26,129.0,1991,2323.75,90.0,OGEMAW
26,129.0,1992,1773.75,66.1,OGEMAW
26,129.0,1993,1938.75,78.7,OGEMAW
26,129.0,1994,2137.75,118.0,OGEMAW
26,129.0,1995,2424.25,130.0,OGEMAW
26,129.0,1996,2012.5,110.0,OGEMAW
26,129.0,1997,2045.75,105.0,OGEMAW
26,129.0,1998,2437.5,82.0,OGEMAW
26,129.0,1999,2268.0,154.0,OGEMAW
26,129.0,2000,1980.25,118.0,OGEMAW
26,129.0,2001,2162.25,80.0,OGEMAW
26,129.0,2002,2344.25,124.0,OGEMAW
26,129.0,2003,2063.0,122.0,OGEMAW
26,129.0,2004,2085.75,80.0,OGEMAW
26,129.0,2005,2380.0,152.0,OGEMAW
26,129.0,2006,2130.5,131.0,OGEMAW
26,129.0,2007,2337.0,116.0,OGEMAW
26,129.0,2008,2014.25,139.0,OGEMAW
26,129.0,2009,1790.25,123.0,OGEMAW
26,129.0,2010,2331.5,136.7,OGEMAW
26,129.0,2011,2238.75,142.9,OGEMAW
26,129.0,2012,2262.5,122.5,OGEMAW
26,129.0,2014,1917.75,126.2,OGEMAW
26,129.0,2015,2106.0,129.5,OGEMAW
26,129.0,2016,2375.5,138.9,OGEMAW
26,129.0,2017,2202.25,153.5,OGEMAW
26,129.0,2018,2333.0,158.4,OGEMAW
26,129.0,2019,2025.25,151.7,OGEMAW
26,129.0,2020,2302.75,146.2,OGEMAW
26,129.0,2021,2453.75,171.8,OGEMAW
26,129.0,2022,2206.75,151.8,OGEMAW
26,129.0,2023,2108.75,161.0,OGEMAW
26,133.0,1993,1909.0,84.6,OSCEOLA
26,133.0,2014,1743.0,130.0,OSCEOLA
26,135.0,1990,2063.0,65.0,OSCODA
26,135.0,1991,2362.0,80.0,OSCODA
26,135.0,1992,1862.0,80.0,OSCODA
26,135.0,1993,1974.0,86.7,OSCODA
26,135.0,1994,2122.0,105.0,OSCODA
26,135.0,2010,2289.0,115.0,OSCODA
26,137.0,1990,1849.75,85.7,OTSEGO
26,137.0,1991,2201.75,100.0,OTSEGO
26,137.0,1992,1699.25,66.7,OTSEGO
26,137.0,1993,1786.25,57.5,OTSEGO
26,137.0,1994,2016.5,98.0,OTSEGO
26,137.0,1995,2151.25,111.0,OTSEGO
26,137.0,1996,1923.75,65.0,OTSEGO
26,137.0,2001,2000.25,108.0,OTSEGO
26,137.0,2002,2186.375,101.0,OTSEGO
26,137.0,2003,1943.0833333333333,82.0,OTSEGO
26,137.0,2004,1823.7083333333333,92.0,OTSEGO
26,137.0,2006,1998.0,107.0,OTSEGO
26,137.0,2007,2220.9833333333336,56.0,OTSEGO
26,137.0,2009,1622.725,114.0,OTSEGO
26,137.0,2011,2083.05,98.2,OTSEGO
26,137.0,2012,2147.9,86.1,OTSEGO
26,137.0,2016,2206.375,75.0,OTSEGO
26,137.0,2018,2260.725,91.7,OTSEGO
26,137.0,2019,1810.85,127.3,OTSEGO
26,137.0,2020,2022.4,115.3,OTSEGO
26,137.0,2021,2283.675,141.7,OTSEGO
26,137.0,2022,2003.0249999999999,81.4,OTSEGO
26,137.0,2023,2045.625,154.4,OTSEGO
26,139.0,1990,2373.7916666666665,110.8,OTTAWA
26,139.0,1991,2785.9583333333335,106.0,OTTAWA
26,139.0,1992,2139.75,90.7,OTTAWA
26,139.0,1993,2291.75,101.5,OTTAWA
26,139.0,1994,2353.45,110.0,OTTAWA
26,139.0,1995,2614.0,108.0,OTTAWA
26,139.0,1996,2266.0,55.0,OTTAWA
26,139.0,1997,1887.0,119.0,OTTAWA
26,139.0,1998,2709.5,105.0,OTTAWA
26,139.0,1999,2229.5,115.0,OTTAWA
26,139.0,2000,2386.0,106.0,OTTAWA
26,139.0,2001,2449.0,113.0,OTTAWA
26,139.0,2002,2902.5,122.0,OTTAWA
26,139.0,2003,2511.5,125.0,OTTAWA
26,139.0,2004,1775.5,126.0,OTTAWA
26,139.0,2005,2931.5,113.0,OTTAWA
26,139.0,2006,2399.0,157.0,OTTAWA
26,139.0,2007,2608.75,118.0,OTTAWA
26,139.0,2008,2357.083333333333,117.0,OTTAWA
26,139.0,2009,2093.75,156.0,OTTAWA
26,139.0,2010,2656.75,146.0,OTTAWA
26,139.0,2011,2492.25,148.7,OTTAWA
26,139.0,2012,2569.7083333333335,111.2,OTTAWA
26,139.0,2013,2396.625,145.9,OTTAWA
26,139.0,2014,2142.333333333333,152.3,OTTAWA
26,139.0,2015,2232.5,155.6,OTTAWA
26,139.0,2020,1682.5,147.0,OTTAWA
26,139.0,2021,2392.0,172.9,OTTAWA
26,141.0,1990,2032.5,78.0,PRESQUE ISLE
26,141.0,1991,2312.75,88.5,PRESQUE ISLE
26,141.0,1992,1803.25,62.5,PRESQUE ISLE
26,141.0,1993,1938.75,64.3,PRESQUE ISLE
26,141.0,1994,2104.25,100.0,PRESQUE ISLE
26,141.0,1995,2282.25,100.0,PRESQUE ISLE
26,141.0,1996,2064.5,100.0,PRESQUE ISLE
26,141.0,1997,2059.5,86.0,PRESQUE ISLE
26,141.0,1998,2350.25,78.0,PRESQUE ISLE
26,141.0,1999,2343.5,117.0,PRESQUE ISLE
26,141.0,2001,2260.25,99.0,PRESQUE ISLE
26,141.0,2002,2393.5,108.0,PRESQUE ISLE
26,141.0,2003,2199.0,116.0,PRESQUE ISLE
26,141.0,2004,2094.0,92.0,PRESQUE ISLE
26,141.0,2005,2525.25,112.0,PRESQUE ISLE
26,141.0,2006,2293.75,117.0,PRESQUE ISLE
26,141.0,2007,2475.5,81.0,PRESQUE ISLE
26,141.0,2008,2088.75,104.0,PRESQUE ISLE
26,141.0,2009,1775.5,107.0,PRESQUE ISLE
26,141.0,2010,2256.0,126.3,PRESQUE ISLE
26,141.0,2011,2201.25,124.4,PRESQUE ISLE
26,141.0,2012,2292.5,137.6,PRESQUE ISLE
26,141.0,2014,1888.25,140.8,PRESQUE ISLE
26,141.0,2015,2135.75,119.1,PRESQUE ISLE
26,141.0,2016,2384.25,117.8,PRESQUE ISLE
26,141.0,2018,2288.75,117.0,PRESQUE ISLE
26,141.0,2019,2020.0,126.8,PRESQUE ISLE
26,141.0,2020,2163.0,119.8,PRESQUE ISLE
26,141.0,2021,2354.5,148.5,PRESQUE ISLE
26,141.0,2023,1708.0,118.0,PRESQUE ISLE
26,145.0,1990,2199.0,127.9,SAGINAW
26,145.0,1991,2501.5,128.8,SAGINAW
26,145.0,1992,1942.5,111.9,SAGINAW
26,145.0,1993,2190.25,121.5,SAGINAW
26,145.0,1994,2328.75,113.0,SAGINAW
26,145.0,1995,2580.0,122.0,SAGINAW
26,145.0,1996,2322.75,103.0,SAGINAW
26,145.0,1997,2327.5,127.0,SAGINAW
26,145.0,1998,2807.1666666666665,101.0,SAGINAW
26,145.0,1999,2472.5,155.0,SAGINAW
26,145.0,2000,2216.75,129.0,SAGINAW
26,145.0,2001,2417.0,100.0,SAGINAW
26,145.0,2002,2646.5833333333335,131.0,SAGINAW
26,145.0,2003,2312.25,131.0,SAGINAW
26,145.0,2004,2352.0,131.0,SAGINAW
26,145.0,2005,2800.25,139.0,SAGINAW
26,145.0,2006,2540.0833333333335,143.0,SAGINAW
26,145.0,2007,2680.3333333333335,144.0,SAGINAW
26,145.0,2008,2408.7916666666665,161.0,SAGINAW
26,145.0,2009,2113.375,159.0,SAGINAW
26,145.0,2010,2751.233333333333,142.4,SAGINAW
26,145.0,2011,2603.9,150.2,SAGINAW
26,145.0,2012,2643.116666666667,155.8,SAGINAW
26,145.0,2013,2563.55,147.4,SAGINAW
26,145.0,2014,2336.108333333333,171.6,SAGINAW
26,145.0,2015,2538.1833333333334,169.3,SAGINAW
26,145.0,2016,2854.8333333333335,164.8,SAGINAW
26,145.0,2017,2659.0,164.0,SAGINAW
26,145.0,2018,2826.4166666666665,172.2,SAGINAW
26,145.0,2019,2532.5,154.1,SAGINAW
26,145.0,2020,2702.5833333333335,162.1,SAGINAW
26,145.0,2021,2910.0,177.9,SAGINAW
26,145.0,2022,2577.75,171.7,SAGINAW
26,145.0,2023,2471.25,178.5,SAGINAW
26,147.0,1990,2254.5,107.4,ST CLAIR
26,147.0,1991,2707.5,102.1,ST CLAIR
26,147.0,1992,2171.5,90.6,ST CLAIR
26,147.0,1993,2434.5,107.7,ST CLAIR
26,147.0,1994,2561.5,112.0,ST CLAIR
26,147.0,1995,2755.0,119.0,ST CLAIR
26,147.0,1996,2579.5,95.0,ST CLAIR
26,147.0,1997,2497.5,109.0,ST CLAIR
26,147.0,1998,2628.25,102.0,ST CLAIR
26,147.0,1999,2513.25,133.0,ST CLAIR
26,147.0,2000,2330.75,111.0,ST CLAIR
26,147.0,2001,2363.5,100.0,ST CLAIR
26,147.0,2002,2667.5,108.0,ST CLAIR
26,147.0,2003,2250.6666666666665,126.0,ST CLAIR
26,147.0,2004,2245.5,113.0,ST CLAIR
26,147.0,2005,2832.1666666666665,138.0,ST CLAIR
26,147.0,2006,2539.4166666666665,148.0,ST CLAIR
26,147.0,2007,2685.5833333333335,111.0,ST CLAIR
26,147.0,2008,2442.2083333333335,159.0,ST CLAIR
26,147.0,2009,2205.4166666666665,130.0,ST CLAIR
26,147.0,2010,2752.7083333333335,142.7,ST CLAIR
26,147.0,2011,2661.4166666666665,145.5,ST CLAIR
26,147.0,2012,2680.5,154.8,ST CLAIR
26,147.0,2013,2550.6666666666665,151.5,ST CLAIR
26,147.0,2014,2312.6666666666665,151.4,ST CLAIR
26,147.0,2015,2481.1666666666665,160.9,ST CLAIR
26,147.0,2016,2930.6666666666665,160.8,ST CLAIR
26,147.0,2017,2655.583333333333,167.6,ST CLAIR
26,147.0,2018,2799.25,174.9,ST CLAIR
26,147.0,2019,2549.5,146.3,ST CLAIR
26,147.0,2020,2661.0833333333335,170.4,ST CLAIR
26,147.0,2021,3064.25,174.5,ST CLAIR
26,147.0,2022,2874.0,146.7,ST CLAIR
26,147.0,2023,2597.75,167.3,ST CLAIR
26,149.0,1990,2450.5,112.2,ST JOSEPH
26,149.0,1991,2771.0,129.4,ST JOSEPH
26,149.0,1992,2135.0,118.2,ST JOSEPH
26,149.0,1993,2335.5,109.4,ST JOSEPH
26,149.0,1994,2803.5,121.0,ST JOSEPH
26,149.0,1995,2677.5,124.0,ST JOSEPH
26,149.0,1996,2460.5,110.0,ST JOSEPH
26,149.0,1997,2370.0,126.0,ST JOSEPH
26,149.0,1998,2664.0,101.0,ST JOSEPH
26,149.0,1999,2683.0,114.0,ST JOSEPH
26,149.0,2000,2456.0,141.0,ST JOSEPH
26,149.0,2001,2434.0,125.0,ST JOSEPH
26,149.0,2002,2772.5,122.0,ST JOSEPH
26,149.0,2003,2409.0,129.0,ST JOSEPH
26,149.0,2004,2523.0,130.0,ST JOSEPH
26,149.0,2005,2872.5,146.0,ST JOSEPH
26,149.0,2006,2566.0,161.0,ST JOSEPH
26,149.0,2007,2656.5,138.0,ST JOSEPH
26,149.0,2008,2602.0,114.0,ST JOSEPH
26,149.0,2009,2276.5,155.0,ST JOSEPH
26,149.0,2010,2864.0,145.9,ST JOSEPH
26,149.0,2011,2585.5,163.1,ST JOSEPH
26,149.0,2012,2613.0,139.7,ST JOSEPH
26,149.0,2013,2613.5,157.0,ST JOSEPH
26,149.0,2014,2371.0,152.7,ST JOSEPH
26,149.0,2015,2500.0,142.7,ST JOSEPH
26,149.0,2016,2796.0,123.8,ST JOSEPH
26,149.0,2017,2630.0,122.0,ST JOSEPH
26,149.0,2018,2836.0,123.1,ST JOSEPH
26,149.0,2020,2702.5,137.0,ST JOSEPH
26,149.0,2022,2639.5,147.3,ST JOSEPH
26,149.0,2023,2638.5,123.0,ST JOSEPH
26,151.0,1991,2225.5,109.0,SANILAC
26,151.0,1993,1536.5,106.0,SANILAC
26,151.0,1994,2324.0,115.0,SANILAC
26,151.0,1995,2515.0,118.0,SANILAC
26,151.0,1996,2331.5,103.0,SANILAC
26,151.0,1999,2451.5,142.0,SANILAC
26,151.0,2000,2049.75,132.0,SANILAC
26,151.0,2001,1738.5,105.0,SANILAC
26,151.0,2002,2518.9166666666665,131.0,SANILAC
26,151.0,2003,2145.0,121.0,SANILAC
26,151.0,2004,2129.9166666666665,139.0,SANILAC
26,151.0,2005,2640.9166666666665,160.0,SANILAC
26,151.0,2006,2267.7916666666665,168.0,SANILAC
26,151.0,2007,2525.625,133.0,SANILAC
26,151.0,2008,2204.3333333333335,171.0,SANILAC
26,151.0,2009,1973.375,154.0,SANILAC
26,151.0,2010,2550.5,153.9,SANILAC
26,151.0,2011,2376.75,161.8,SANILAC
26,151.0,2012,2454.0,158.7,SANILAC
26,151.0,2013,2251.083333333333,172.2,SANILAC
26,151.0,2014,2083.1666666666665,171.3,SANILAC
26,151.0,2015,2463.25,183.7,SANILAC
26,151.0,2016,2573.25,184.4,SANILAC
26,151.0,2017,2207.5,185.5,SANILAC
26,151.0,2018,2360.0,168.1,SANILAC
26,151.0,2019,2231.5,160.1,SANILAC
26,151.0,2020,2289.5,179.9,SANILAC
26,151.0,2021,2451.5,212.0,SANILAC
26,151.0,2022,2004.0,175.3,SANILAC
26,151.0,2023,2129.5,184.6,SANILAC
26,155.0,1991,2448.0,107.4,SHIAWASSEE
26,155.0,1993,2053.5,108.9,SHIAWASSEE
26,155.0,1994,1673.0,111.0,SHIAWASSEE
26,155.0,1995,1858.5,111.0,SHIAWASSEE
26,155.0,1996,2301.0,90.0,SHIAWASSEE
26,155.0,1997,2204.5,107.0,SHIAWASSEE
26,155.0,1998,2638.25,86.0,SHIAWASSEE
26,155.0,1999,2476.0,134.0,SHIAWASSEE
26,155.0,2000,2203.5,121.0,SHIAWASSEE
26,155.0,2001,2330.5,98.0,SHIAWASSEE
26,155.0,2002,2610.4166666666665,98.0,SHIAWASSEE
26,155.0,2003,2264.5,117.0,SHIAWASSEE
26,155.0,2004,2317.6666666666665,132.0,SHIAWASSEE
26,155.0,2005,2709.4166666666665,147.0,SHIAWASSEE
26,155.0,2006,2426.4166666666665,141.0,SHIAWASSEE
26,155.0,2007,2609.9166666666665,130.0,SHIAWASSEE
26,155.0,2008,2406.75,147.0,SHIAWASSEE
26,155.0,2009,2161.6666666666665,143.0,SHIAWASSEE
26,155.0,2010,2797.833333333333,131.7,SHIAWASSEE
26,155.0,2011,2605.5833333333335,141.5,SHIAWASSEE
26,155.0,2012,2627.833333333333,139.2,SHIAWASSEE
26,155.0,2013,2559.083333333333,155.5,SHIAWASSEE
26,155.0,2014,2302.9166666666665,156.4,SHIAWASSEE
26,155.0,2015,2516.9166666666665,176.3,SHIAWASSEE
26,155.0,2016,2716.0833333333335,150.0,SHIAWASSEE
26,155.0,2017,2604.25,152.3,SHIAWASSEE
26,155.0,2019,2551.0,145.3,SHIAWASSEE
26,155.0,2020,2627.75,155.3,SHIAWASSEE
26,155.0,2021,2858.75,162.3,SHIAWASSEE
26,155.0,2022,2558.0,150.6,SHIAWASSEE
26,155.0,2023,2408.25,164.8,SHIAWASSEE
26,157.0,1990,2380.0,127.6,TUSCOLA
26,157.0,1991,2652.5,107.0,TUSCOLA
26,157.0,1992,2091.5,112.9,TUSCOLA
26,157.0,1993,2312.5,125.0,TUSCOLA
26,157.0,1994,2415.5,120.0,TUSCOLA
26,157.0,1995,2719.75,123.0,TUSCOLA
26,157.0,1996,2449.75,111.0,TUSCOLA
26,157.0,1997,2477.083333333333,127.0,TUSCOLA
26,157.0,1998,2860.6666666666665,125.0,TUSCOLA
26,157.0,1999,2764.5,149.0,TUSCOLA
26,157.0,2000,2180.25,134.0,TUSCOLA
26,157.0,2001,2323.333333333333,77.0,TUSCOLA
26,157.0,2002,2488.0,130.0,TUSCOLA
26,157.0,2003,2167.083333333333,129.0,TUSCOLA
26,157.0,2004,2161.0,145.0,TUSCOLA
26,157.0,2005,2642.0,148.0,TUSCOLA
26,157.0,2006,2323.4166666666665,154.0,TUSCOLA
26,157.0,2007,2525.6666666666665,134.0,TUSCOLA
26,157.0,2008,2246.1666666666665,174.0,TUSCOLA
26,157.0,2009,2032.25,164.0,TUSCOLA
26,157.0,2010,2617.4583333333335,147.5,TUSCOLA
26,157.0,2011,2485.0833333333335,156.4,TUSCOLA
26,157.0,2012,2475.7916666666665,160.3,TUSCOLA
26,157.0,2013,2348.0,157.1,TUSCOLA
26,157.0,2014,2225.833333333333,178.5,TUSCOLA
26,157.0,2015,2398.7083333333335,192.0,TUSCOLA
26,157.0,2016,2608.25,173.7,TUSCOLA
26,157.0,2017,2413.833333333333,172.1,TUSCOLA
26,157.0,2018,2586.5,171.9,TUSCOLA
26,157.0,2019,2335.6666666666665,162.1,TUSCOLA
26,157.0,2020,2491.0,168.3,TUSCOLA
26,157.0,2021,2718.75,205.3,TUSCOLA
26,157.0,2022,2417.1666666666665,169.2,TUSCOLA
26,157.0,2023,2288.4166666666665,181.7,TUSCOLA
26,159.0,1990,2363.75,112.7,VAN BUREN
26,159.0,1991,2762.5833333333335,105.0,VAN BUREN
26,159.0,1992,2055.75,102.6,VAN BUREN
26,159.0,1993,2316.25,106.1,VAN BUREN
26,159.0,1994,2371.5,114.0,VAN BUREN
26,159.0,1995,2763.25,105.0,VAN BUREN
26,159.0,1996,2358.0,47.0,VAN BUREN
26,159.0,1997,2464.0,96.0,VAN BUREN
26,159.0,1998,2781.75,101.0,VAN BUREN
26,159.0,1999,2558.25,103.0,VAN BUREN
26,159.0,2000,2323.5,128.0,VAN BUREN
26,159.0,2001,2494.5,100.0,VAN BUREN
26,159.0,2002,2870.5,103.0,VAN BUREN
26,159.0,2003,2439.75,113.0,VAN BUREN
26,159.0,2004,2427.0,133.0,VAN BUREN
26,159.0,2005,2917.25,134.0,VAN BUREN
26,159.0,2006,2569.0,138.0,VAN BUREN
26,159.0,2007,2811.0,113.0,VAN BUREN
26,159.0,2008,2556.0,142.0,VAN BUREN
26,159.0,2009,2282.0,153.0,VAN BUREN
26,159.0,2010,2896.75,164.9,VAN BUREN
26,159.0,2011,2625.5,179.6,VAN BUREN
26,159.0,2012,1540.0,133.7,VAN BUREN
26,159.0,2013,2759.75,156.5,VAN BUREN
26,159.0,2020,2599.5,150.5,VAN BUREN
26,159.0,2021,2157.5,159.0,VAN BUREN
26,161.0,1990,2555.5,103.9,WASHTENAW
26,161.0,1991,2922.5,89.3,WASHTENAW
26,161.0,1992,2256.5,110.9,WASHTENAW
26,161.0,1993,2468.0,102.0,WASHTENAW
26,161.0,1994,2662.0,116.0,WASHTENAW
26,161.0,1995,2872.5,109.0,WASHTENAW
26,161.0,1996,2620.0,80.0,WASHTENAW
26,161.0,1997,2488.5,109.0,WASHTENAW
26,161.0,1998,2956.0,119.0,WASHTENAW
26,161.0,1999,2632.5,116.0,WASHTENAW
26,161.0,2000,2414.75,124.0,WASHTENAW
26,161.0,2001,2466.75,94.0,WASHTENAW
26,161.0,2002,2745.3,103.0,WASHTENAW
26,161.0,2003,2362.654761904762,127.0,WASHTENAW
26,161.0,2004,2403.2285714285713,132.0,WASHTENAW
26,161.0,2005,2805.211904761905,150.0,WASHTENAW
26,161.0,2006,2516.6833333333334,141.0,WASHTENAW
26,161.0,2007,2695.333333333333,128.0,WASHTENAW
26,161.0,2008,2527.1619047619047,110.0,WASHTENAW
26,161.0,2009,2271.5178571428573,134.0,WASHTENAW
26,161.0,2010,2849.0446428571427,142.0,WASHTENAW
26,161.0,2011,2682.7321428571427,144.5,WASHTENAW
26,161.0,2012,2668.6988095238094,73.3,WASHTENAW
26,161.0,2013,2595.0964285714285,155.7,WASHTENAW
26,161.0,2014,2398.2511904761905,172.2,WASHTENAW
26,161.0,2015,2561.2928571428574,147.6,WASHTENAW
26,161.0,2016,2843.366666666667,137.8,WASHTENAW
26,161.0,2017,2644.1261904761905,146.1,WASHTENAW
26,161.0,2018,2883.929761904762,141.9,WASHTENAW
26,161.0,2019,2682.6964285714284,154.2,WASHTENAW
26,161.0,2020,2516.042857142857,143.1,WASHTENAW
26,161.0,2021,2942.333333333333,178.5,WASHTENAW
26,161.0,2022,2567.7916666666665,165.8,WASHTENAW
26,161.0,2023,2379.366666666667,186.8,WASHTENAW
26,163.0,1990,2641.0,100.0,WAYNE
26,163.0,1991,3043.125,100.0,WAYNE
26,163.0,1992,2309.9166666666665,122.2,WAYNE
26,163.0,1993,2615.8333333333335,114.3,WAYNE
26,163.0,1994,2719.3333333333335,106.0,WAYNE
26,163.0,1995,2931.4583333333335,103.0,WAYNE
26,163.0,1996,2727.333333333333,96.0,WAYNE
26,163.0,1997,2598.5833333333335,105.0,WAYNE
26,163.0,1998,3034.75,120.0,WAYNE
26,163.0,2002,2926.525,91.0,WAYNE
26,163.0,2003,2504.775,145.0,WAYNE
26,163.0,2009,2435.3,144.0,WAYNE
26,163.0,2010,3006.6666666666665,134.6,WAYNE
26,163.0,2011,2897.6666666666665,138.2,WAYNE
26,163.0,2012,2918.5583333333334,83.5,WAYNE
26,163.0,2013,2836.6666666666665,130.0,WAYNE
26,163.0,2014,2630.575,150.0,WAYNE
26,163.0,2015,2804.0333333333333,130.0,WAYNE
26,163.0,2016,3136.7333333333336,116.7,WAYNE
26,163.0,2017,2898.0333333333333,136.4,WAYNE
26,163.0,2018,3098.9416666666666,113.3,WAYNE
26,163.0,2019,2898.433333333333,130.0,WAYNE
26,163.0,2020,2984.8083333333334,129.8,WAYNE
26,163.0,2022,3078.1833333333334,120.4,WAYNE
26,163.0,2023,2763.85,159.1,WAYNE
26,165.0,1990,1998.5,87.1,WEXFORD
26,165.0,1991,2196.0,88.2,WEXFORD
26,165.0,1992,1638.5,65.8,WEXFORD
26,165.0,1993,1841.5,80.0,WEXFORD
26,165.0,1994,2032.5,106.0,WEXFORD
26,165.0,1995,2258.0,110.0,WEXFORD
26,165.0,1996,1980.5,67.0,WEXFORD
26,165.0,1997,1939.5,86.0,WEXFORD
26,165.0,1998,2231.5,81.0,WEXFORD
26,165.0,2001,2101.5,86.0,WEXFORD
26,165.0,2002,2376.5,107.0,WEXFORD
26,165.0,2003,2084.0,121.0,WEXFORD
26,165.0,2004,1977.0,99.0,WEXFORD
26,165.0,2005,2484.5,112.0,WEXFORD
26,165.0,2006,2108.0,97.0,WEXFORD
26,165.0,2008,2047.5,83.0,WEXFORD
26,165.0,2009,1810.75,101.0,WEXFORD
26,165.0,2010,2334.75,123.5,WEXFORD
26,165.0,2011,2240.5,113.8,WEXFORD
26,165.0,2012,2270.0,75.0,WEXFORD
26,165.0,2013,2191.5,54.5,WEXFORD
26,165.0,2014,1960.0,105.7,WEXFORD
26,165.0,2015,2149.5,132.2,WEXFORD
26,165.0,2016,2419.0,96.5,WEXFORD
26,165.0,2020,2273.75,100.6,WEXFORD
26,165.0,2021,2396.0,136.4,WEXFORD
26,165.0,2022,2157.0,130.2,WEXFORD
